collected_at,resort_id,resort_code,resort_name,party_size,departure_date,end_date,duration_nights,price_pp,currency,signal,days_before_departure,day_of_week_sampled,price_first_seen,price_min_seen,price_max_seen,is_cheapest_ever
2026-05-18T17:20:21Z,palmiye,TURC,Palmiye,2A,2026-06-06,2026-06-13,7,,GBP,hold,19,0,,,,
2026-05-18T17:20:21Z,palmiye,TURC,Palmiye,2A,2026-06-13,2026-06-20,7,4728,GBP,hold,26,0,4728,4728,4728,1
2026-05-18T17:20:21Z,palmiye,TURC,Palmiye,2A,2026-06-20,2026-06-27,7,3828,GBP,hold,33,0,3828,3828,3828,1
2026-05-18T17:20:21Z,palmiye,TURC,Palmiye,2A,2026-06-27,2026-07-04,7,2952,GBP,hold,40,0,2952,2952,2952,1
2026-05-18T17:20:21Z,palmiye,TURC,Palmiye,2A,2026-06-07,2026-06-14,7,,GBP,hold,20,0,,,,
2026-05-18T17:20:21Z,palmiye,TURC,Palmiye,2A,2026-06-14,2026-06-21,7,4662,GBP,hold,27,0,4662,4662,4662,1
2026-05-18T17:20:21Z,palmiye,TURC,Palmiye,2A,2026-06-21,2026-06-28,7,3828,GBP,hold,34,0,3828,3828,3828,1
2026-05-18T17:20:21Z,palmiye,TURC,Palmiye,2A,2026-06-28,2026-07-05,7,2952,GBP,hold,41,0,2952,2952,2952,1
2026-05-18T17:20:21Z,palmiye,TURC,Palmiye,2A,2026-07-04,2026-07-11,7,2952,GBP,hold,47,0,2952,2952,2952,1
2026-05-18T17:20:21Z,palmiye,TURC,Palmiye,2A,2026-07-11,2026-07-18,7,2952,GBP,hold,54,0,2952,2952,2952,1
2026-05-18T17:20:21Z,palmiye,TURC,Palmiye,2A,2026-07-18,2026-07-25,7,2952,GBP,hold,61,0,2952,2952,2952,1
2026-05-18T17:20:21Z,palmiye,TURC,Palmiye,2A,2026-07-25,2026-08-01,7,2834,GBP,hold,68,0,2834,2834,2834,1
2026-05-18T17:20:21Z,palmiye,TURC,Palmiye,2A,2026-07-05,2026-07-12,7,2952,GBP,hold,48,0,2952,2952,2952,1
2026-05-18T17:20:21Z,palmiye,TURC,Palmiye,2A,2026-07-12,2026-07-19,7,2952,GBP,hold,55,0,2952,2952,2952,1
2026-05-18T17:20:21Z,palmiye,TURC,Palmiye,2A,2026-07-19,2026-07-26,7,2934,GBP,hold,62,0,2934,2934,2934,1
2026-05-18T17:20:21Z,palmiye,TURC,Palmiye,2A,2026-07-26,2026-08-02,7,2834,GBP,hold,69,0,2834,2834,2834,1
2026-05-18T17:20:21Z,palmiye,TURC,Palmiye,2A,2026-08-01,2026-08-08,7,2834,GBP,hold,75,0,2834,2834,2834,1
2026-05-18T17:20:21Z,palmiye,TURC,Palmiye,2A,2026-08-08,2026-08-15,7,2834,GBP,hold,82,0,2834,2834,2834,1
2026-05-18T17:20:21Z,palmiye,TURC,Palmiye,2A,2026-08-15,2026-08-22,7,2834,GBP,hold,89,0,2834,2834,2834,1
2026-05-18T17:20:21Z,palmiye,TURC,Palmiye,2A,2026-08-22,2026-08-29,7,2738,GBP,hold,96,0,2738,2738,2738,1
2026-05-18T17:20:21Z,palmiye,TURC,Palmiye,2A,2026-08-29,2026-09-05,7,2276,GBP,hold,103,0,2276,2276,2276,1
2026-05-18T17:20:21Z,palmiye,TURC,Palmiye,2A,2026-08-02,2026-08-09,7,2834,GBP,hold,76,0,2834,2834,2834,1
2026-05-18T17:20:21Z,palmiye,TURC,Palmiye,2A,2026-08-09,2026-08-16,7,2834,GBP,hold,83,0,2834,2834,2834,1
2026-05-18T17:20:21Z,palmiye,TURC,Palmiye,2A,2026-08-16,2026-08-23,7,2820,GBP,hold,90,0,2820,2820,2820,1
2026-05-18T17:20:21Z,palmiye,TURC,Palmiye,2A,2026-08-23,2026-08-30,7,2672,GBP,hold,97,0,2672,2672,2672,1
2026-05-18T17:20:21Z,palmiye,TURC,Palmiye,2A,2026-08-30,2026-09-06,7,2276,GBP,hold,104,0,2276,2276,2276,1
2026-05-18T17:20:21Z,palmiye,TURC,Palmiye,2A,2026-09-05,2026-09-12,7,2276,GBP,hold,110,0,2276,2276,2276,1
2026-05-18T17:20:21Z,palmiye,TURC,Palmiye,2A,2026-09-12,2026-09-19,7,2276,GBP,hold,117,0,2276,2276,2276,1
2026-05-18T17:20:21Z,palmiye,TURC,Palmiye,2A,2026-09-19,2026-09-26,7,2276,GBP,hold,124,0,2276,2276,2276,1
2026-05-18T17:20:21Z,palmiye,TURC,Palmiye,2A,2026-09-26,2026-10-03,7,2276,GBP,hold,131,0,2276,2276,2276,1
2026-05-18T17:20:21Z,palmiye,TURC,Palmiye,2A,2026-09-06,2026-09-13,7,2276,GBP,hold,111,0,2276,2276,2276,1
2026-05-18T17:20:21Z,palmiye,TURC,Palmiye,2A,2026-09-13,2026-09-20,7,2276,GBP,hold,118,0,2276,2276,2276,1
2026-05-18T17:20:21Z,palmiye,TURC,Palmiye,2A,2026-09-20,2026-09-27,7,2276,GBP,hold,125,0,2276,2276,2276,1
2026-05-18T17:20:21Z,palmiye,TURC,Palmiye,2A,2026-09-27,2026-10-04,7,2276,GBP,hold,132,0,2276,2276,2276,1
2026-05-18T17:20:21Z,palmiye,TURC,Palmiye,2A1C,2026-06-06,2026-06-13,7,,GBP,hold,19,0,,,,
2026-05-18T17:20:21Z,palmiye,TURC,Palmiye,2A1C,2026-06-13,2026-06-20,7,,GBP,hold,26,0,,,,
2026-05-18T17:20:21Z,palmiye,TURC,Palmiye,2A1C,2026-06-20,2026-06-27,7,,GBP,hold,33,0,,,,
2026-05-18T17:20:21Z,palmiye,TURC,Palmiye,2A1C,2026-06-27,2026-07-04,7,,GBP,hold,40,0,,,,
2026-05-18T17:20:21Z,palmiye,TURC,Palmiye,2A1C,2026-06-07,2026-06-14,7,,GBP,hold,20,0,,,,
2026-05-18T17:20:21Z,palmiye,TURC,Palmiye,2A1C,2026-06-14,2026-06-21,7,,GBP,hold,27,0,,,,
2026-05-18T17:20:21Z,palmiye,TURC,Palmiye,2A1C,2026-06-21,2026-06-28,7,,GBP,hold,34,0,,,,
2026-05-18T17:20:21Z,palmiye,TURC,Palmiye,2A1C,2026-06-28,2026-07-05,7,,GBP,hold,41,0,,,,
2026-05-18T17:20:21Z,palmiye,TURC,Palmiye,2A1C,2026-07-04,2026-07-11,7,,GBP,hold,47,0,,,,
2026-05-18T17:20:21Z,palmiye,TURC,Palmiye,2A1C,2026-07-11,2026-07-18,7,,GBP,hold,54,0,,,,
2026-05-18T17:20:21Z,palmiye,TURC,Palmiye,2A1C,2026-07-18,2026-07-25,7,,GBP,hold,61,0,,,,
2026-05-18T17:20:21Z,palmiye,TURC,Palmiye,2A1C,2026-07-25,2026-08-01,7,,GBP,hold,68,0,,,,
2026-05-18T17:20:21Z,palmiye,TURC,Palmiye,2A1C,2026-07-05,2026-07-12,7,,GBP,hold,48,0,,,,
2026-05-18T17:20:21Z,palmiye,TURC,Palmiye,2A1C,2026-07-12,2026-07-19,7,,GBP,hold,55,0,,,,
2026-05-18T17:20:21Z,palmiye,TURC,Palmiye,2A1C,2026-07-19,2026-07-26,7,,GBP,hold,62,0,,,,
2026-05-18T17:20:21Z,palmiye,TURC,Palmiye,2A1C,2026-07-26,2026-08-02,7,,GBP,hold,69,0,,,,
2026-05-18T17:20:21Z,palmiye,TURC,Palmiye,2A1C,2026-08-01,2026-08-08,7,,GBP,hold,75,0,,,,
2026-05-18T17:20:21Z,palmiye,TURC,Palmiye,2A1C,2026-08-08,2026-08-15,7,,GBP,hold,82,0,,,,
2026-05-18T17:20:21Z,palmiye,TURC,Palmiye,2A1C,2026-08-15,2026-08-22,7,,GBP,hold,89,0,,,,
2026-05-18T17:20:21Z,palmiye,TURC,Palmiye,2A1C,2026-08-22,2026-08-29,7,,GBP,hold,96,0,,,,
2026-05-18T17:20:21Z,palmiye,TURC,Palmiye,2A1C,2026-08-29,2026-09-05,7,,GBP,hold,103,0,,,,
2026-05-18T17:20:21Z,palmiye,TURC,Palmiye,2A1C,2026-08-02,2026-08-09,7,,GBP,hold,76,0,,,,
2026-05-18T17:20:21Z,palmiye,TURC,Palmiye,2A1C,2026-08-09,2026-08-16,7,,GBP,hold,83,0,,,,
2026-05-18T17:20:21Z,palmiye,TURC,Palmiye,2A1C,2026-08-16,2026-08-23,7,,GBP,hold,90,0,,,,
2026-05-18T17:20:21Z,palmiye,TURC,Palmiye,2A1C,2026-08-23,2026-08-30,7,,GBP,hold,97,0,,,,
2026-05-18T17:20:21Z,palmiye,TURC,Palmiye,2A1C,2026-08-30,2026-09-06,7,,GBP,hold,104,0,,,,
2026-05-18T17:20:21Z,palmiye,TURC,Palmiye,2A1C,2026-09-05,2026-09-12,7,,GBP,hold,110,0,,,,
2026-05-18T17:20:21Z,palmiye,TURC,Palmiye,2A1C,2026-09-12,2026-09-19,7,,GBP,hold,117,0,,,,
2026-05-18T17:20:21Z,palmiye,TURC,Palmiye,2A1C,2026-09-19,2026-09-26,7,,GBP,hold,124,0,,,,
2026-05-18T17:20:21Z,palmiye,TURC,Palmiye,2A1C,2026-09-26,2026-10-03,7,,GBP,hold,131,0,,,,
2026-05-18T17:20:21Z,palmiye,TURC,Palmiye,2A1C,2026-09-06,2026-09-13,7,,GBP,hold,111,0,,,,
2026-05-18T17:20:21Z,palmiye,TURC,Palmiye,2A1C,2026-09-13,2026-09-20,7,,GBP,hold,118,0,,,,
2026-05-18T17:20:21Z,palmiye,TURC,Palmiye,2A1C,2026-09-20,2026-09-27,7,,GBP,hold,125,0,,,,
2026-05-18T17:20:21Z,palmiye,TURC,Palmiye,2A1C,2026-09-27,2026-10-04,7,,GBP,hold,132,0,,,,
2026-05-18T17:20:21Z,palmiye,TURC,Palmiye,2A2C,2026-06-06,2026-06-13,7,,GBP,hold,19,0,,,,
2026-05-18T17:20:21Z,palmiye,TURC,Palmiye,2A2C,2026-06-13,2026-06-20,7,,GBP,hold,26,0,,,,
2026-05-18T17:20:21Z,palmiye,TURC,Palmiye,2A2C,2026-06-20,2026-06-27,7,,GBP,hold,33,0,,,,
2026-05-18T17:20:21Z,palmiye,TURC,Palmiye,2A2C,2026-06-27,2026-07-04,7,,GBP,hold,40,0,,,,
2026-05-18T17:20:21Z,palmiye,TURC,Palmiye,2A2C,2026-06-07,2026-06-14,7,,GBP,hold,20,0,,,,
2026-05-18T17:20:21Z,palmiye,TURC,Palmiye,2A2C,2026-06-14,2026-06-21,7,,GBP,hold,27,0,,,,
2026-05-18T17:20:21Z,palmiye,TURC,Palmiye,2A2C,2026-06-21,2026-06-28,7,,GBP,hold,34,0,,,,
2026-05-18T17:20:21Z,palmiye,TURC,Palmiye,2A2C,2026-06-28,2026-07-05,7,,GBP,hold,41,0,,,,
2026-05-18T17:20:21Z,palmiye,TURC,Palmiye,2A2C,2026-07-04,2026-07-11,7,,GBP,hold,47,0,,,,
2026-05-18T17:20:21Z,palmiye,TURC,Palmiye,2A2C,2026-07-11,2026-07-18,7,,GBP,hold,54,0,,,,
2026-05-18T17:20:21Z,palmiye,TURC,Palmiye,2A2C,2026-07-18,2026-07-25,7,,GBP,hold,61,0,,,,
2026-05-18T17:20:21Z,palmiye,TURC,Palmiye,2A2C,2026-07-25,2026-08-01,7,,GBP,hold,68,0,,,,
2026-05-18T17:20:21Z,palmiye,TURC,Palmiye,2A2C,2026-07-05,2026-07-12,7,,GBP,hold,48,0,,,,
2026-05-18T17:20:21Z,palmiye,TURC,Palmiye,2A2C,2026-07-12,2026-07-19,7,,GBP,hold,55,0,,,,
2026-05-18T17:20:21Z,palmiye,TURC,Palmiye,2A2C,2026-07-19,2026-07-26,7,,GBP,hold,62,0,,,,
2026-05-18T17:20:21Z,palmiye,TURC,Palmiye,2A2C,2026-07-26,2026-08-02,7,,GBP,hold,69,0,,,,
2026-05-18T17:20:21Z,palmiye,TURC,Palmiye,2A2C,2026-08-01,2026-08-08,7,,GBP,hold,75,0,,,,
2026-05-18T17:20:21Z,palmiye,TURC,Palmiye,2A2C,2026-08-08,2026-08-15,7,,GBP,hold,82,0,,,,
2026-05-18T17:20:21Z,palmiye,TURC,Palmiye,2A2C,2026-08-15,2026-08-22,7,,GBP,hold,89,0,,,,
2026-05-18T17:20:21Z,palmiye,TURC,Palmiye,2A2C,2026-08-22,2026-08-29,7,,GBP,hold,96,0,,,,
2026-05-18T17:20:21Z,palmiye,TURC,Palmiye,2A2C,2026-08-29,2026-09-05,7,,GBP,hold,103,0,,,,
2026-05-18T17:20:21Z,palmiye,TURC,Palmiye,2A2C,2026-08-02,2026-08-09,7,,GBP,hold,76,0,,,,
2026-05-18T17:20:21Z,palmiye,TURC,Palmiye,2A2C,2026-08-09,2026-08-16,7,,GBP,hold,83,0,,,,
2026-05-18T17:20:21Z,palmiye,TURC,Palmiye,2A2C,2026-08-16,2026-08-23,7,,GBP,hold,90,0,,,,
2026-05-18T17:20:21Z,palmiye,TURC,Palmiye,2A2C,2026-08-23,2026-08-30,7,,GBP,hold,97,0,,,,
2026-05-18T17:20:21Z,palmiye,TURC,Palmiye,2A2C,2026-08-30,2026-09-06,7,,GBP,hold,104,0,,,,
2026-05-18T17:20:21Z,palmiye,TURC,Palmiye,2A2C,2026-09-05,2026-09-12,7,,GBP,hold,110,0,,,,
2026-05-18T17:20:21Z,palmiye,TURC,Palmiye,2A2C,2026-09-12,2026-09-19,7,,GBP,hold,117,0,,,,
2026-05-18T17:20:21Z,palmiye,TURC,Palmiye,2A2C,2026-09-19,2026-09-26,7,,GBP,hold,124,0,,,,
2026-05-18T17:20:21Z,palmiye,TURC,Palmiye,2A2C,2026-09-26,2026-10-03,7,,GBP,hold,131,0,,,,
2026-05-18T17:20:21Z,palmiye,TURC,Palmiye,2A2C,2026-09-06,2026-09-13,7,,GBP,hold,111,0,,,,
2026-05-18T17:20:21Z,palmiye,TURC,Palmiye,2A2C,2026-09-13,2026-09-20,7,,GBP,hold,118,0,,,,
2026-05-18T17:20:21Z,palmiye,TURC,Palmiye,2A2C,2026-09-20,2026-09-27,7,,GBP,hold,125,0,,,,
2026-05-18T17:20:21Z,palmiye,TURC,Palmiye,2A2C,2026-09-27,2026-10-04,7,,GBP,hold,132,0,,,,
2026-05-18T17:20:21Z,gregolimano,GREC,Gregolimano,2A,2026-06-06,2026-06-13,7,3516,GBP,hold,19,0,3516,3516,3516,1
2026-05-18T17:20:21Z,gregolimano,GREC,Gregolimano,2A,2026-06-13,2026-06-20,7,3274,GBP,hold,26,0,3274,3274,3274,1
2026-05-18T17:20:21Z,gregolimano,GREC,Gregolimano,2A,2026-06-20,2026-06-27,7,3232,GBP,hold,33,0,3232,3232,3232,1
2026-05-18T17:20:21Z,gregolimano,GREC,Gregolimano,2A,2026-06-27,2026-07-04,7,3722,GBP,hold,40,0,3722,3722,3722,1
2026-05-18T17:20:21Z,gregolimano,GREC,Gregolimano,2A,2026-06-07,2026-06-14,7,4508,GBP,hold,20,0,4508,4508,4508,1
2026-05-18T17:20:21Z,gregolimano,GREC,Gregolimano,2A,2026-06-14,2026-06-21,7,2806,GBP,hold,27,0,2806,2806,2806,1
2026-05-18T17:20:21Z,gregolimano,GREC,Gregolimano,2A,2026-06-21,2026-06-28,7,3302,GBP,hold,34,0,3302,3302,3302,1
2026-05-18T17:20:21Z,gregolimano,GREC,Gregolimano,2A,2026-06-28,2026-07-05,7,,GBP,hold,41,0,,,,
2026-05-18T17:20:21Z,gregolimano,GREC,Gregolimano,2A,2026-07-04,2026-07-11,7,4296,GBP,hold,47,0,4296,4296,4296,1
2026-05-18T17:20:21Z,gregolimano,GREC,Gregolimano,2A,2026-07-11,2026-07-18,7,5148,GBP,hold,54,0,5148,5148,5148,1
2026-05-18T17:20:21Z,gregolimano,GREC,Gregolimano,2A,2026-07-18,2026-07-25,7,7282,GBP,hold,61,0,7282,7282,7282,1
2026-05-18T17:20:21Z,gregolimano,GREC,Gregolimano,2A,2026-07-25,2026-08-01,7,5148,GBP,hold,68,0,5148,5148,5148,1
2026-05-18T17:20:21Z,gregolimano,GREC,Gregolimano,2A,2026-07-05,2026-07-12,7,,GBP,hold,48,0,,,,
2026-05-18T17:20:21Z,gregolimano,GREC,Gregolimano,2A,2026-07-12,2026-07-19,7,,GBP,hold,55,0,,,,
2026-05-18T17:20:21Z,gregolimano,GREC,Gregolimano,2A,2026-07-19,2026-07-26,7,,GBP,hold,62,0,,,,
2026-05-18T17:20:21Z,gregolimano,GREC,Gregolimano,2A,2026-07-26,2026-08-02,7,,GBP,hold,69,0,,,,
2026-05-18T17:20:21Z,gregolimano,GREC,Gregolimano,2A,2026-08-01,2026-08-08,7,4604,GBP,hold,75,0,4604,4604,4604,1
2026-05-18T17:20:21Z,gregolimano,GREC,Gregolimano,2A,2026-08-08,2026-08-15,7,6210,GBP,hold,82,0,6210,6210,6210,1
2026-05-18T17:20:21Z,gregolimano,GREC,Gregolimano,2A,2026-08-15,2026-08-22,7,5148,GBP,hold,89,0,5148,5148,5148,1
2026-05-18T17:20:21Z,gregolimano,GREC,Gregolimano,2A,2026-08-22,2026-08-29,7,6420,GBP,hold,96,0,6420,6420,6420,1
2026-05-18T17:20:21Z,gregolimano,GREC,Gregolimano,2A,2026-08-29,2026-09-05,7,3040,GBP,hold,103,0,3040,3040,3040,1
2026-05-18T17:20:21Z,gregolimano,GREC,Gregolimano,2A,2026-08-02,2026-08-09,7,,GBP,hold,76,0,,,,
2026-05-18T17:20:21Z,gregolimano,GREC,Gregolimano,2A,2026-08-09,2026-08-16,7,,GBP,hold,83,0,,,,
2026-05-18T17:20:21Z,gregolimano,GREC,Gregolimano,2A,2026-08-16,2026-08-23,7,,GBP,hold,90,0,,,,
2026-05-18T17:20:21Z,gregolimano,GREC,Gregolimano,2A,2026-08-23,2026-08-30,7,,GBP,hold,97,0,,,,
2026-05-18T17:20:21Z,gregolimano,GREC,Gregolimano,2A,2026-08-30,2026-09-06,7,3040,GBP,hold,104,0,3040,3040,3040,1
2026-05-18T17:20:21Z,gregolimano,GREC,Gregolimano,2A,2026-09-05,2026-09-12,7,3040,GBP,hold,110,0,3040,3040,3040,1
2026-05-18T17:20:21Z,gregolimano,GREC,Gregolimano,2A,2026-09-12,2026-09-19,7,2560,GBP,hold,117,0,2560,2560,2560,1
2026-05-18T17:20:21Z,gregolimano,GREC,Gregolimano,2A,2026-09-19,2026-09-26,7,2432,GBP,hold,124,0,2432,2432,2432,1
2026-05-18T17:20:21Z,gregolimano,GREC,Gregolimano,2A,2026-09-26,2026-10-03,7,2088,GBP,hold,131,0,2088,2088,2088,1
2026-05-18T17:20:21Z,gregolimano,GREC,Gregolimano,2A,2026-09-06,2026-09-13,7,2972,GBP,hold,111,0,2972,2972,2972,1
2026-05-18T17:20:21Z,gregolimano,GREC,Gregolimano,2A,2026-09-13,2026-09-20,7,2558,GBP,hold,118,0,2558,2558,2558,1
2026-05-18T17:20:21Z,gregolimano,GREC,Gregolimano,2A,2026-09-20,2026-09-27,7,2428,GBP,hold,125,0,2428,2428,2428,1
2026-05-18T17:20:21Z,gregolimano,GREC,Gregolimano,2A,2026-09-27,2026-10-04,7,,GBP,hold,132,0,,,,
2026-05-18T17:20:21Z,gregolimano,GREC,Gregolimano,2A1C,2026-06-06,2026-06-13,7,3531,GBP,hold,19,0,3531,3531,3531,1
2026-05-18T17:20:21Z,gregolimano,GREC,Gregolimano,2A1C,2026-06-13,2026-06-20,7,4100,GBP,hold,26,0,4100,4100,4100,1
2026-05-18T17:20:21Z,gregolimano,GREC,Gregolimano,2A1C,2026-06-20,2026-06-27,7,4049,GBP,hold,33,0,4049,4049,4049,1
2026-05-18T17:20:21Z,gregolimano,GREC,Gregolimano,2A1C,2026-06-27,2026-07-04,7,4475,GBP,hold,40,0,4475,4475,4475,1
2026-05-18T17:20:21Z,gregolimano,GREC,Gregolimano,2A1C,2026-06-07,2026-06-14,7,4653,GBP,hold,20,0,4653,4653,4653,1
2026-05-18T17:20:21Z,gregolimano,GREC,Gregolimano,2A1C,2026-06-14,2026-06-21,7,3746,GBP,hold,27,0,3746,3746,3746,1
2026-05-18T17:20:21Z,gregolimano,GREC,Gregolimano,2A1C,2026-06-21,2026-06-28,7,4054,GBP,hold,34,0,4054,4054,4054,1
2026-05-18T17:20:21Z,gregolimano,GREC,Gregolimano,2A1C,2026-06-28,2026-07-05,7,,GBP,hold,41,0,,,,
2026-05-18T17:20:21Z,gregolimano,GREC,Gregolimano,2A1C,2026-07-04,2026-07-11,7,5803,GBP,hold,47,0,5803,5803,5803,1
2026-05-18T17:20:21Z,gregolimano,GREC,Gregolimano,2A1C,2026-07-11,2026-07-18,7,6443,GBP,hold,54,0,6443,6443,6443,1
2026-05-18T17:20:21Z,gregolimano,GREC,Gregolimano,2A1C,2026-07-18,2026-07-25,7,10197,GBP,hold,61,0,10197,10197,10197,1
2026-05-18T17:20:21Z,gregolimano,GREC,Gregolimano,2A1C,2026-07-25,2026-08-01,7,6017,GBP,hold,68,0,6017,6017,6017,1
2026-05-18T17:20:21Z,gregolimano,GREC,Gregolimano,2A1C,2026-07-05,2026-07-12,7,,GBP,hold,48,0,,,,
2026-05-18T17:20:21Z,gregolimano,GREC,Gregolimano,2A1C,2026-07-12,2026-07-19,7,,GBP,hold,55,0,,,,
2026-05-18T17:20:21Z,gregolimano,GREC,Gregolimano,2A1C,2026-07-19,2026-07-26,7,,GBP,hold,62,0,,,,
2026-05-18T17:20:21Z,gregolimano,GREC,Gregolimano,2A1C,2026-07-26,2026-08-02,7,,GBP,hold,69,0,,,,
2026-05-18T17:20:21Z,gregolimano,GREC,Gregolimano,2A1C,2026-08-01,2026-08-08,7,6449,GBP,hold,75,0,6449,6449,6449,1
2026-05-18T17:20:21Z,gregolimano,GREC,Gregolimano,2A1C,2026-08-08,2026-08-15,7,6225,GBP,hold,82,0,6225,6225,6225,1
2026-05-18T17:20:21Z,gregolimano,GREC,Gregolimano,2A1C,2026-08-15,2026-08-22,7,7509,GBP,hold,89,0,7509,7509,7509,1
2026-05-18T17:20:21Z,gregolimano,GREC,Gregolimano,2A1C,2026-08-22,2026-08-29,7,8990,GBP,hold,96,0,8990,8990,8990,1
2026-05-18T17:20:21Z,gregolimano,GREC,Gregolimano,2A1C,2026-08-29,2026-09-05,7,3557,GBP,hold,103,0,3557,3557,3557,1
2026-05-18T17:20:21Z,gregolimano,GREC,Gregolimano,2A1C,2026-08-02,2026-08-09,7,,GBP,hold,76,0,,,,
2026-05-18T17:20:21Z,gregolimano,GREC,Gregolimano,2A1C,2026-08-09,2026-08-16,7,,GBP,hold,83,0,,,,
2026-05-18T17:20:21Z,gregolimano,GREC,Gregolimano,2A1C,2026-08-16,2026-08-23,7,,GBP,hold,90,0,,,,
2026-05-18T17:20:21Z,gregolimano,GREC,Gregolimano,2A1C,2026-08-23,2026-08-30,7,,GBP,hold,97,0,,,,
2026-05-18T17:20:21Z,gregolimano,GREC,Gregolimano,2A1C,2026-08-30,2026-09-06,7,3557,GBP,hold,104,0,3557,3557,3557,1
2026-05-18T17:20:21Z,gregolimano,GREC,Gregolimano,2A1C,2026-09-05,2026-09-12,7,3557,GBP,hold,110,0,3557,3557,3557,1
2026-05-18T17:20:21Z,gregolimano,GREC,Gregolimano,2A1C,2026-09-12,2026-09-19,7,2997,GBP,hold,117,0,2997,2997,2997,1
2026-05-18T17:20:21Z,gregolimano,GREC,Gregolimano,2A1C,2026-09-19,2026-09-26,7,2670,GBP,hold,124,0,2670,2670,2670,1
2026-05-18T17:20:21Z,gregolimano,GREC,Gregolimano,2A1C,2026-09-26,2026-10-03,7,2515,GBP,hold,131,0,2515,2515,2515,1
2026-05-18T17:20:21Z,gregolimano,GREC,Gregolimano,2A1C,2026-09-06,2026-09-13,7,3477,GBP,hold,111,0,3477,3477,3477,1
2026-05-18T17:20:21Z,gregolimano,GREC,Gregolimano,2A1C,2026-09-13,2026-09-20,7,2993,GBP,hold,118,0,2993,2993,2993,1
2026-05-18T17:20:21Z,gregolimano,GREC,Gregolimano,2A1C,2026-09-20,2026-09-27,7,2665,GBP,hold,125,0,2665,2665,2665,1
2026-05-18T17:20:21Z,gregolimano,GREC,Gregolimano,2A1C,2026-09-27,2026-10-04,7,,GBP,hold,132,0,,,,
2026-05-18T17:20:21Z,gregolimano,GREC,Gregolimano,2A2C,2026-06-06,2026-06-13,7,4418,GBP,hold,19,0,4418,4418,4418,1
2026-05-18T17:20:21Z,gregolimano,GREC,Gregolimano,2A2C,2026-06-13,2026-06-20,7,4115,GBP,hold,26,0,4115,4115,4115,1
2026-05-18T17:20:21Z,gregolimano,GREC,Gregolimano,2A2C,2026-06-20,2026-06-27,7,5080,GBP,hold,33,0,5080,5080,5080,1
2026-05-18T17:20:21Z,gregolimano,GREC,Gregolimano,2A2C,2026-06-27,2026-07-04,7,4882,GBP,hold,40,0,4882,4882,4882,1
2026-05-18T17:20:21Z,gregolimano,GREC,Gregolimano,2A2C,2026-06-07,2026-06-14,7,5820,GBP,hold,20,0,5820,5820,5820,1
2026-05-18T17:20:21Z,gregolimano,GREC,Gregolimano,2A2C,2026-06-14,2026-06-21,7,3807,GBP,hold,27,0,3807,3807,3807,1
2026-05-18T17:20:21Z,gregolimano,GREC,Gregolimano,2A2C,2026-06-21,2026-06-28,7,5190,GBP,hold,34,0,5190,5190,5190,1
2026-05-18T17:20:21Z,gregolimano,GREC,Gregolimano,2A2C,2026-06-28,2026-07-05,7,,GBP,hold,41,0,,,,
2026-05-18T17:20:21Z,gregolimano,GREC,Gregolimano,2A2C,2026-07-04,2026-07-11,7,6032,GBP,hold,47,0,6032,6032,6032,1
2026-05-18T17:20:21Z,gregolimano,GREC,Gregolimano,2A2C,2026-07-11,2026-07-18,7,5392,GBP,hold,54,0,5392,5392,5392,1
2026-05-18T17:20:21Z,gregolimano,GREC,Gregolimano,2A2C,2026-07-18,2026-07-25,7,9125,GBP,hold,61,0,9125,9125,9125,1
2026-05-18T17:20:21Z,gregolimano,GREC,Gregolimano,2A2C,2026-07-25,2026-08-01,7,7280,GBP,hold,68,0,7280,7280,7280,1
2026-05-18T17:20:21Z,gregolimano,GREC,Gregolimano,2A2C,2026-07-05,2026-07-12,7,,GBP,hold,48,0,,,,
2026-05-18T17:20:21Z,gregolimano,GREC,Gregolimano,2A2C,2026-07-12,2026-07-19,7,,GBP,hold,55,0,,,,
2026-05-18T17:20:21Z,gregolimano,GREC,Gregolimano,2A2C,2026-07-19,2026-07-26,7,,GBP,hold,62,0,,,,
2026-05-18T17:20:21Z,gregolimano,GREC,Gregolimano,2A2C,2026-07-26,2026-08-02,7,,GBP,hold,69,0,,,,
2026-05-18T17:20:21Z,gregolimano,GREC,Gregolimano,2A2C,2026-08-01,2026-08-08,7,7804,GBP,hold,75,0,7804,7804,7804,1
2026-05-18T17:20:21Z,gregolimano,GREC,Gregolimano,2A2C,2026-08-08,2026-08-15,7,,GBP,hold,82,0,,,,
2026-05-18T17:20:21Z,gregolimano,GREC,Gregolimano,2A2C,2026-08-15,2026-08-22,7,9850,GBP,hold,89,0,9850,9850,9850,1
2026-05-18T17:20:21Z,gregolimano,GREC,Gregolimano,2A2C,2026-08-22,2026-08-29,7,8047,GBP,hold,96,0,8047,8047,8047,1
2026-05-18T17:20:21Z,gregolimano,GREC,Gregolimano,2A2C,2026-08-29,2026-09-05,7,3822,GBP,hold,103,0,3822,3822,3822,1
2026-05-18T17:20:21Z,gregolimano,GREC,Gregolimano,2A2C,2026-08-02,2026-08-09,7,,GBP,hold,76,0,,,,
2026-05-18T17:20:21Z,gregolimano,GREC,Gregolimano,2A2C,2026-08-09,2026-08-16,7,,GBP,hold,83,0,,,,
2026-05-18T17:20:21Z,gregolimano,GREC,Gregolimano,2A2C,2026-08-16,2026-08-23,7,,GBP,hold,90,0,,,,
2026-05-18T17:20:21Z,gregolimano,GREC,Gregolimano,2A2C,2026-08-23,2026-08-30,7,,GBP,hold,97,0,,,,
2026-05-18T17:20:21Z,gregolimano,GREC,Gregolimano,2A2C,2026-08-30,2026-09-06,7,3822,GBP,hold,104,0,3822,3822,3822,1
2026-05-18T17:20:21Z,gregolimano,GREC,Gregolimano,2A2C,2026-09-05,2026-09-12,7,3992,GBP,hold,110,0,3992,3992,3992,1
2026-05-18T17:20:21Z,gregolimano,GREC,Gregolimano,2A2C,2026-09-12,2026-09-19,7,3365,GBP,hold,117,0,3365,3365,3365,1
2026-05-18T17:20:21Z,gregolimano,GREC,Gregolimano,2A2C,2026-09-19,2026-09-26,7,2788,GBP,hold,124,0,2788,2788,2788,1
2026-05-18T17:20:21Z,gregolimano,GREC,Gregolimano,2A2C,2026-09-26,2026-10-03,7,3287,GBP,hold,131,0,3287,3287,3287,1
2026-05-18T17:20:21Z,gregolimano,GREC,Gregolimano,2A2C,2026-09-06,2026-09-13,7,3902,GBP,hold,111,0,3902,3902,3902,1
2026-05-18T17:20:21Z,gregolimano,GREC,Gregolimano,2A2C,2026-09-13,2026-09-20,7,3362,GBP,hold,118,0,3362,3362,3362,1
2026-05-18T17:20:21Z,gregolimano,GREC,Gregolimano,2A2C,2026-09-20,2026-09-27,7,3328,GBP,hold,125,0,3328,3328,3328,1
2026-05-18T17:20:21Z,gregolimano,GREC,Gregolimano,2A2C,2026-09-27,2026-10-04,7,,GBP,hold,132,0,,,,
2026-05-18T17:20:21Z,la-palmeraie-marrakech,PALC,La Palmeraie (Marrakech),2A,2026-06-06,2026-06-13,7,2636,GBP,hold,19,0,2636,2636,2636,1
2026-05-18T17:20:21Z,la-palmeraie-marrakech,PALC,La Palmeraie (Marrakech),2A,2026-06-13,2026-06-20,7,3096,GBP,hold,26,0,3096,3096,3096,1
2026-05-18T17:20:21Z,la-palmeraie-marrakech,PALC,La Palmeraie (Marrakech),2A,2026-06-20,2026-06-27,7,3432,GBP,hold,33,0,3432,3432,3432,1
2026-05-18T17:20:21Z,la-palmeraie-marrakech,PALC,La Palmeraie (Marrakech),2A,2026-06-27,2026-07-04,7,3768,GBP,hold,40,0,3768,3768,3768,1
2026-05-18T17:20:21Z,la-palmeraie-marrakech,PALC,La Palmeraie (Marrakech),2A,2026-06-07,2026-06-14,7,3096,GBP,hold,20,0,3096,3096,3096,1
2026-05-18T17:20:21Z,la-palmeraie-marrakech,PALC,La Palmeraie (Marrakech),2A,2026-06-14,2026-06-21,7,3144,GBP,hold,27,0,3144,3144,3144,1
2026-05-18T17:20:21Z,la-palmeraie-marrakech,PALC,La Palmeraie (Marrakech),2A,2026-06-21,2026-06-28,7,3480,GBP,hold,34,0,3480,3480,3480,1
2026-05-18T17:20:21Z,la-palmeraie-marrakech,PALC,La Palmeraie (Marrakech),2A,2026-06-28,2026-07-05,7,3842,GBP,hold,41,0,3842,3842,3842,1
2026-05-18T17:20:21Z,la-palmeraie-marrakech,PALC,La Palmeraie (Marrakech),2A,2026-07-04,2026-07-11,7,4286,GBP,hold,47,0,4286,4286,4286,1
2026-05-18T17:20:21Z,la-palmeraie-marrakech,PALC,La Palmeraie (Marrakech),2A,2026-07-11,2026-07-18,7,4286,GBP,hold,54,0,4286,4286,4286,1
2026-05-18T17:20:21Z,la-palmeraie-marrakech,PALC,La Palmeraie (Marrakech),2A,2026-07-18,2026-07-25,7,4286,GBP,hold,61,0,4286,4286,4286,1
2026-05-18T17:20:21Z,la-palmeraie-marrakech,PALC,La Palmeraie (Marrakech),2A,2026-07-25,2026-08-01,7,4286,GBP,hold,68,0,4286,4286,4286,1
2026-05-18T17:20:21Z,la-palmeraie-marrakech,PALC,La Palmeraie (Marrakech),2A,2026-07-05,2026-07-12,7,4286,GBP,hold,48,0,4286,4286,4286,1
2026-05-18T17:20:21Z,la-palmeraie-marrakech,PALC,La Palmeraie (Marrakech),2A,2026-07-12,2026-07-19,7,4286,GBP,hold,55,0,4286,4286,4286,1
2026-05-18T17:20:21Z,la-palmeraie-marrakech,PALC,La Palmeraie (Marrakech),2A,2026-07-19,2026-07-26,7,4286,GBP,hold,62,0,4286,4286,4286,1
2026-05-18T17:20:21Z,la-palmeraie-marrakech,PALC,La Palmeraie (Marrakech),2A,2026-07-26,2026-08-02,7,4336,GBP,hold,69,0,4336,4336,4336,1
2026-05-18T17:20:21Z,la-palmeraie-marrakech,PALC,La Palmeraie (Marrakech),2A,2026-08-01,2026-08-08,7,4640,GBP,hold,75,0,4640,4640,4640,1
2026-05-18T17:20:21Z,la-palmeraie-marrakech,PALC,La Palmeraie (Marrakech),2A,2026-08-08,2026-08-15,7,4436,GBP,hold,82,0,4436,4436,4436,1
2026-05-18T17:20:21Z,la-palmeraie-marrakech,PALC,La Palmeraie (Marrakech),2A,2026-08-15,2026-08-22,7,4286,GBP,hold,89,0,4286,4286,4286,1
2026-05-18T17:20:21Z,la-palmeraie-marrakech,PALC,La Palmeraie (Marrakech),2A,2026-08-22,2026-08-29,7,3824,GBP,hold,96,0,3824,3824,3824,1
2026-05-18T17:20:21Z,la-palmeraie-marrakech,PALC,La Palmeraie (Marrakech),2A,2026-08-29,2026-09-05,7,3116,GBP,hold,103,0,3116,3116,3116,1
2026-05-18T17:20:21Z,la-palmeraie-marrakech,PALC,La Palmeraie (Marrakech),2A,2026-08-02,2026-08-09,7,4610,GBP,hold,76,0,4610,4610,4610,1
2026-05-18T17:20:21Z,la-palmeraie-marrakech,PALC,La Palmeraie (Marrakech),2A,2026-08-09,2026-08-16,7,4414,GBP,hold,83,0,4414,4414,4414,1
2026-05-18T17:20:21Z,la-palmeraie-marrakech,PALC,La Palmeraie (Marrakech),2A,2026-08-16,2026-08-23,7,4220,GBP,hold,90,0,4220,4220,4220,1
2026-05-18T17:20:21Z,la-palmeraie-marrakech,PALC,La Palmeraie (Marrakech),2A,2026-08-23,2026-08-30,7,3724,GBP,hold,97,0,3724,3724,3724,1
2026-05-18T17:20:21Z,la-palmeraie-marrakech,PALC,La Palmeraie (Marrakech),2A,2026-08-30,2026-09-06,7,3086,GBP,hold,104,0,3086,3086,3086,1
2026-05-18T17:20:21Z,la-palmeraie-marrakech,PALC,La Palmeraie (Marrakech),2A,2026-09-05,2026-09-12,7,2618,GBP,hold,110,0,2618,2618,2618,1
2026-05-18T17:20:21Z,la-palmeraie-marrakech,PALC,La Palmeraie (Marrakech),2A,2026-09-12,2026-09-19,7,2810,GBP,hold,117,0,2810,2810,2810,1
2026-05-18T17:20:21Z,la-palmeraie-marrakech,PALC,La Palmeraie (Marrakech),2A,2026-09-19,2026-09-26,7,2636,GBP,hold,124,0,2636,2636,2636,1
2026-05-18T17:20:21Z,la-palmeraie-marrakech,PALC,La Palmeraie (Marrakech),2A,2026-09-26,2026-10-03,7,2636,GBP,hold,131,0,2636,2636,2636,1
2026-05-18T17:20:21Z,la-palmeraie-marrakech,PALC,La Palmeraie (Marrakech),2A,2026-09-06,2026-09-13,7,2892,GBP,hold,111,0,2892,2892,2892,1
2026-05-18T17:20:21Z,la-palmeraie-marrakech,PALC,La Palmeraie (Marrakech),2A,2026-09-13,2026-09-20,7,2784,GBP,hold,118,0,2784,2784,2784,1
2026-05-18T17:20:21Z,la-palmeraie-marrakech,PALC,La Palmeraie (Marrakech),2A,2026-09-20,2026-09-27,7,2636,GBP,hold,125,0,2636,2636,2636,1
2026-05-18T17:20:21Z,la-palmeraie-marrakech,PALC,La Palmeraie (Marrakech),2A,2026-09-27,2026-10-04,7,2636,GBP,hold,132,0,2636,2636,2636,1
2026-05-18T17:20:21Z,la-palmeraie-marrakech,PALC,La Palmeraie (Marrakech),2A1C,2026-06-06,2026-06-13,7,2651,GBP,hold,19,0,2651,2651,2651,1
2026-05-18T17:20:21Z,la-palmeraie-marrakech,PALC,La Palmeraie (Marrakech),2A1C,2026-06-13,2026-06-20,7,3111,GBP,hold,26,0,3111,3111,3111,1
2026-05-18T17:20:21Z,la-palmeraie-marrakech,PALC,La Palmeraie (Marrakech),2A1C,2026-06-20,2026-06-27,7,3447,GBP,hold,33,0,3447,3447,3447,1
2026-05-18T17:20:21Z,la-palmeraie-marrakech,PALC,La Palmeraie (Marrakech),2A1C,2026-06-27,2026-07-04,7,3783,GBP,hold,40,0,3783,3783,3783,1
2026-05-18T17:20:21Z,la-palmeraie-marrakech,PALC,La Palmeraie (Marrakech),2A1C,2026-06-07,2026-06-14,7,3111,GBP,hold,20,0,3111,3111,3111,1
2026-05-18T17:20:21Z,la-palmeraie-marrakech,PALC,La Palmeraie (Marrakech),2A1C,2026-06-14,2026-06-21,7,3159,GBP,hold,27,0,3159,3159,3159,1
2026-05-18T17:20:21Z,la-palmeraie-marrakech,PALC,La Palmeraie (Marrakech),2A1C,2026-06-21,2026-06-28,7,3495,GBP,hold,34,0,3495,3495,3495,1
2026-05-18T17:20:21Z,la-palmeraie-marrakech,PALC,La Palmeraie (Marrakech),2A1C,2026-06-28,2026-07-05,7,3857,GBP,hold,41,0,3857,3857,3857,1
2026-05-18T17:20:21Z,la-palmeraie-marrakech,PALC,La Palmeraie (Marrakech),2A1C,2026-07-04,2026-07-11,7,4301,GBP,hold,47,0,4301,4301,4301,1
2026-05-18T17:20:21Z,la-palmeraie-marrakech,PALC,La Palmeraie (Marrakech),2A1C,2026-07-11,2026-07-18,7,4301,GBP,hold,54,0,4301,4301,4301,1
2026-05-18T17:20:21Z,la-palmeraie-marrakech,PALC,La Palmeraie (Marrakech),2A1C,2026-07-18,2026-07-25,7,4301,GBP,hold,61,0,4301,4301,4301,1
2026-05-18T17:20:21Z,la-palmeraie-marrakech,PALC,La Palmeraie (Marrakech),2A1C,2026-07-25,2026-08-01,7,4301,GBP,hold,68,0,4301,4301,4301,1
2026-05-18T17:20:21Z,la-palmeraie-marrakech,PALC,La Palmeraie (Marrakech),2A1C,2026-07-05,2026-07-12,7,4301,GBP,hold,48,0,4301,4301,4301,1
2026-05-18T17:20:21Z,la-palmeraie-marrakech,PALC,La Palmeraie (Marrakech),2A1C,2026-07-12,2026-07-19,7,4301,GBP,hold,55,0,4301,4301,4301,1
2026-05-18T17:20:21Z,la-palmeraie-marrakech,PALC,La Palmeraie (Marrakech),2A1C,2026-07-19,2026-07-26,7,4301,GBP,hold,62,0,4301,4301,4301,1
2026-05-18T17:20:21Z,la-palmeraie-marrakech,PALC,La Palmeraie (Marrakech),2A1C,2026-07-26,2026-08-02,7,4351,GBP,hold,69,0,4351,4351,4351,1
2026-05-18T17:20:21Z,la-palmeraie-marrakech,PALC,La Palmeraie (Marrakech),2A1C,2026-08-01,2026-08-08,7,4655,GBP,hold,75,0,4655,4655,4655,1
2026-05-18T17:20:21Z,la-palmeraie-marrakech,PALC,La Palmeraie (Marrakech),2A1C,2026-08-08,2026-08-15,7,4451,GBP,hold,82,0,4451,4451,4451,1
2026-05-18T17:20:21Z,la-palmeraie-marrakech,PALC,La Palmeraie (Marrakech),2A1C,2026-08-15,2026-08-22,7,4301,GBP,hold,89,0,4301,4301,4301,1
2026-05-18T17:20:21Z,la-palmeraie-marrakech,PALC,La Palmeraie (Marrakech),2A1C,2026-08-22,2026-08-29,7,3839,GBP,hold,96,0,3839,3839,3839,1
2026-05-18T17:20:21Z,la-palmeraie-marrakech,PALC,La Palmeraie (Marrakech),2A1C,2026-08-29,2026-09-05,7,3131,GBP,hold,103,0,3131,3131,3131,1
2026-05-18T17:20:21Z,la-palmeraie-marrakech,PALC,La Palmeraie (Marrakech),2A1C,2026-08-02,2026-08-09,7,4625,GBP,hold,76,0,4625,4625,4625,1
2026-05-18T17:20:21Z,la-palmeraie-marrakech,PALC,La Palmeraie (Marrakech),2A1C,2026-08-09,2026-08-16,7,4429,GBP,hold,83,0,4429,4429,4429,1
2026-05-18T17:20:21Z,la-palmeraie-marrakech,PALC,La Palmeraie (Marrakech),2A1C,2026-08-16,2026-08-23,7,4235,GBP,hold,90,0,4235,4235,4235,1
2026-05-18T17:20:21Z,la-palmeraie-marrakech,PALC,La Palmeraie (Marrakech),2A1C,2026-08-23,2026-08-30,7,3739,GBP,hold,97,0,3739,3739,3739,1
2026-05-18T17:20:21Z,la-palmeraie-marrakech,PALC,La Palmeraie (Marrakech),2A1C,2026-08-30,2026-09-06,7,3101,GBP,hold,104,0,3101,3101,3101,1
2026-05-18T17:20:21Z,la-palmeraie-marrakech,PALC,La Palmeraie (Marrakech),2A1C,2026-09-05,2026-09-12,7,2633,GBP,hold,110,0,2633,2633,2633,1
2026-05-18T17:20:21Z,la-palmeraie-marrakech,PALC,La Palmeraie (Marrakech),2A1C,2026-09-12,2026-09-19,7,2825,GBP,hold,117,0,2825,2825,2825,1
2026-05-18T17:20:21Z,la-palmeraie-marrakech,PALC,La Palmeraie (Marrakech),2A1C,2026-09-19,2026-09-26,7,2651,GBP,hold,124,0,2651,2651,2651,1
2026-05-18T17:20:21Z,la-palmeraie-marrakech,PALC,La Palmeraie (Marrakech),2A1C,2026-09-26,2026-10-03,7,2651,GBP,hold,131,0,2651,2651,2651,1
2026-05-18T17:20:21Z,la-palmeraie-marrakech,PALC,La Palmeraie (Marrakech),2A1C,2026-09-06,2026-09-13,7,2907,GBP,hold,111,0,2907,2907,2907,1
2026-05-18T17:20:21Z,la-palmeraie-marrakech,PALC,La Palmeraie (Marrakech),2A1C,2026-09-13,2026-09-20,7,2799,GBP,hold,118,0,2799,2799,2799,1
2026-05-18T17:20:21Z,la-palmeraie-marrakech,PALC,La Palmeraie (Marrakech),2A1C,2026-09-20,2026-09-27,7,2651,GBP,hold,125,0,2651,2651,2651,1
2026-05-18T17:20:21Z,la-palmeraie-marrakech,PALC,La Palmeraie (Marrakech),2A1C,2026-09-27,2026-10-04,7,2651,GBP,hold,132,0,2651,2651,2651,1
2026-05-18T17:20:21Z,la-palmeraie-marrakech,PALC,La Palmeraie (Marrakech),2A2C,2026-06-06,2026-06-13,7,3465,GBP,hold,19,0,3465,3465,3465,1
2026-05-18T17:20:21Z,la-palmeraie-marrakech,PALC,La Palmeraie (Marrakech),2A2C,2026-06-13,2026-06-20,7,3665,GBP,hold,26,0,3665,3665,3665,1
2026-05-18T17:20:21Z,la-palmeraie-marrakech,PALC,La Palmeraie (Marrakech),2A2C,2026-06-20,2026-06-27,7,4505,GBP,hold,33,0,4505,4505,4505,1
2026-05-18T17:20:21Z,la-palmeraie-marrakech,PALC,La Palmeraie (Marrakech),2A2C,2026-06-27,2026-07-04,7,4943,GBP,hold,40,0,4943,4943,4943,1
2026-05-18T17:20:21Z,la-palmeraie-marrakech,PALC,La Palmeraie (Marrakech),2A2C,2026-06-07,2026-06-14,7,4065,GBP,hold,20,0,4065,4065,4065,1
2026-05-18T17:20:21Z,la-palmeraie-marrakech,PALC,La Palmeraie (Marrakech),2A2C,2026-06-14,2026-06-21,7,4127,GBP,hold,27,0,4127,4127,4127,1
2026-05-18T17:20:21Z,la-palmeraie-marrakech,PALC,La Palmeraie (Marrakech),2A2C,2026-06-21,2026-06-28,7,4567,GBP,hold,34,0,4567,4567,4567,1
2026-05-18T17:20:21Z,la-palmeraie-marrakech,PALC,La Palmeraie (Marrakech),2A2C,2026-06-28,2026-07-05,7,5040,GBP,hold,41,0,5040,5040,5040,1
2026-05-18T17:20:21Z,la-palmeraie-marrakech,PALC,La Palmeraie (Marrakech),2A2C,2026-07-04,2026-07-11,7,6445,GBP,hold,47,0,6445,6445,6445,1
2026-05-18T17:20:21Z,la-palmeraie-marrakech,PALC,La Palmeraie (Marrakech),2A2C,2026-07-11,2026-07-18,7,5380,GBP,hold,54,0,5380,5380,5380,1
2026-05-18T17:20:21Z,la-palmeraie-marrakech,PALC,La Palmeraie (Marrakech),2A2C,2026-07-18,2026-07-25,7,6445,GBP,hold,61,0,6445,6445,6445,1
2026-05-18T17:20:21Z,la-palmeraie-marrakech,PALC,La Palmeraie (Marrakech),2A2C,2026-07-25,2026-08-01,7,6065,GBP,hold,68,0,6065,6065,6065,1
2026-05-18T17:20:21Z,la-palmeraie-marrakech,PALC,La Palmeraie (Marrakech),2A2C,2026-07-05,2026-07-12,7,5380,GBP,hold,48,0,5380,5380,5380,1
2026-05-18T17:20:21Z,la-palmeraie-marrakech,PALC,La Palmeraie (Marrakech),2A2C,2026-07-12,2026-07-19,7,5380,GBP,hold,55,0,5380,5380,5380,1
2026-05-18T17:20:21Z,la-palmeraie-marrakech,PALC,La Palmeraie (Marrakech),2A2C,2026-07-19,2026-07-26,7,6518,GBP,hold,62,0,6518,6518,6518,1
2026-05-18T17:20:21Z,la-palmeraie-marrakech,PALC,La Palmeraie (Marrakech),2A2C,2026-07-26,2026-08-02,7,6135,GBP,hold,69,0,6135,6135,6135,1
2026-05-18T17:20:21Z,la-palmeraie-marrakech,PALC,La Palmeraie (Marrakech),2A2C,2026-08-01,2026-08-08,7,6564,GBP,hold,75,0,6564,6564,6564,1
2026-05-18T17:20:21Z,la-palmeraie-marrakech,PALC,La Palmeraie (Marrakech),2A2C,2026-08-08,2026-08-15,7,6008,GBP,hold,82,0,6008,6008,6008,1
2026-05-18T17:20:21Z,la-palmeraie-marrakech,PALC,La Palmeraie (Marrakech),2A2C,2026-08-15,2026-08-22,7,5806,GBP,hold,89,0,5806,5806,5806,1
2026-05-18T17:20:21Z,la-palmeraie-marrakech,PALC,La Palmeraie (Marrakech),2A2C,2026-08-22,2026-08-29,7,4803,GBP,hold,96,0,4803,4803,4803,1
2026-05-18T17:20:21Z,la-palmeraie-marrakech,PALC,La Palmeraie (Marrakech),2A2C,2026-08-29,2026-09-05,7,4090,GBP,hold,103,0,4090,4090,4090,1
2026-05-18T17:20:21Z,la-palmeraie-marrakech,PALC,La Palmeraie (Marrakech),2A2C,2026-08-02,2026-08-09,7,6243,GBP,hold,76,0,6243,6243,6243,1
2026-05-18T17:20:21Z,la-palmeraie-marrakech,PALC,La Palmeraie (Marrakech),2A2C,2026-08-09,2026-08-16,7,5979,GBP,hold,83,0,5979,5979,5979,1
2026-05-18T17:20:21Z,la-palmeraie-marrakech,PALC,La Palmeraie (Marrakech),2A2C,2026-08-16,2026-08-23,7,5662,GBP,hold,90,0,5662,5662,5662,1
2026-05-18T17:20:21Z,la-palmeraie-marrakech,PALC,La Palmeraie (Marrakech),2A2C,2026-08-23,2026-08-30,7,5600,GBP,hold,97,0,5600,5600,5600,1
2026-05-18T17:20:21Z,la-palmeraie-marrakech,PALC,La Palmeraie (Marrakech),2A2C,2026-08-30,2026-09-06,7,4050,GBP,hold,104,0,4050,4050,4050,1
2026-05-18T17:20:21Z,la-palmeraie-marrakech,PALC,La Palmeraie (Marrakech),2A2C,2026-09-05,2026-09-12,7,3817,GBP,hold,110,0,3817,3817,3817,1
2026-05-18T17:20:21Z,la-palmeraie-marrakech,PALC,La Palmeraie (Marrakech),2A2C,2026-09-12,2026-09-19,7,3690,GBP,hold,117,0,3690,3690,3690,1
2026-05-18T17:20:21Z,la-palmeraie-marrakech,PALC,La Palmeraie (Marrakech),2A2C,2026-09-19,2026-09-26,7,3465,GBP,hold,124,0,3465,3465,3465,1
2026-05-18T17:20:21Z,la-palmeraie-marrakech,PALC,La Palmeraie (Marrakech),2A2C,2026-09-26,2026-10-03,7,3125,GBP,hold,131,0,3125,3125,3125,1
2026-05-18T17:20:21Z,la-palmeraie-marrakech,PALC,La Palmeraie (Marrakech),2A2C,2026-09-06,2026-09-13,7,3798,GBP,hold,111,0,3798,3798,3798,1
2026-05-18T17:20:21Z,la-palmeraie-marrakech,PALC,La Palmeraie (Marrakech),2A2C,2026-09-13,2026-09-20,7,3658,GBP,hold,118,0,3658,3658,3658,1
2026-05-18T17:20:21Z,la-palmeraie-marrakech,PALC,La Palmeraie (Marrakech),2A2C,2026-09-20,2026-09-27,7,3465,GBP,hold,125,0,3465,3465,3465,1
2026-05-18T17:20:21Z,la-palmeraie-marrakech,PALC,La Palmeraie (Marrakech),2A2C,2026-09-27,2026-10-04,7,3465,GBP,hold,132,0,3465,3465,3465,1
2026-05-18T17:20:21Z,la-caravelle,CARC,La Caravelle,2A,2026-06-06,2026-06-13,7,2388,GBP,hold,19,0,2388,2388,2388,1
2026-05-18T17:20:21Z,la-caravelle,CARC,La Caravelle,2A,2026-06-13,2026-06-20,7,2682,GBP,hold,26,0,2682,2682,2682,1
2026-05-18T17:20:21Z,la-caravelle,CARC,La Caravelle,2A,2026-06-20,2026-06-27,7,2988,GBP,hold,33,0,2988,2988,2988,1
2026-05-18T17:20:21Z,la-caravelle,CARC,La Caravelle,2A,2026-06-27,2026-07-04,7,2988,GBP,hold,40,0,2988,2988,2988,1
2026-05-18T17:20:21Z,la-caravelle,CARC,La Caravelle,2A,2026-06-07,2026-06-14,7,2804,GBP,hold,20,0,2804,2804,2804,1
2026-05-18T17:20:21Z,la-caravelle,CARC,La Caravelle,2A,2026-06-14,2026-06-21,7,2726,GBP,hold,27,0,2726,2726,2726,1
2026-05-18T17:20:21Z,la-caravelle,CARC,La Caravelle,2A,2026-06-21,2026-06-28,7,2988,GBP,hold,34,0,2988,2988,2988,1
2026-05-18T17:20:21Z,la-caravelle,CARC,La Caravelle,2A,2026-06-28,2026-07-05,7,3018,GBP,hold,41,0,3018,3018,3018,1
2026-05-18T17:20:21Z,la-caravelle,CARC,La Caravelle,2A,2026-07-04,2026-07-11,7,3192,GBP,hold,47,0,3192,3192,3192,1
2026-05-18T17:20:21Z,la-caravelle,CARC,La Caravelle,2A,2026-07-11,2026-07-18,7,3336,GBP,hold,54,0,3336,3336,3336,1
2026-05-18T17:20:21Z,la-caravelle,CARC,La Caravelle,2A,2026-07-18,2026-07-25,7,3336,GBP,hold,61,0,3336,3336,3336,1
2026-05-18T17:20:21Z,la-caravelle,CARC,La Caravelle,2A,2026-07-25,2026-08-01,7,3486,GBP,hold,68,0,3486,3486,3486,1
2026-05-18T17:20:21Z,la-caravelle,CARC,La Caravelle,2A,2026-07-05,2026-07-12,7,3214,GBP,hold,48,0,3214,3214,3214,1
2026-05-18T17:20:21Z,la-caravelle,CARC,La Caravelle,2A,2026-07-12,2026-07-19,7,3336,GBP,hold,55,0,3336,3336,3336,1
2026-05-18T17:20:21Z,la-caravelle,CARC,La Caravelle,2A,2026-07-19,2026-07-26,7,3486,GBP,hold,62,0,3486,3486,3486,1
2026-05-18T17:20:21Z,la-caravelle,CARC,La Caravelle,2A,2026-07-26,2026-08-02,7,3356,GBP,hold,69,0,3356,3356,3356,1
2026-05-18T17:20:21Z,la-caravelle,CARC,La Caravelle,2A,2026-08-01,2026-08-08,7,3636,GBP,hold,75,0,3636,3636,3636,1
2026-05-18T17:20:21Z,la-caravelle,CARC,La Caravelle,2A,2026-08-08,2026-08-15,7,4262,GBP,hold,82,0,4262,4262,4262,1
2026-05-18T17:20:21Z,la-caravelle,CARC,La Caravelle,2A,2026-08-15,2026-08-22,7,3050,GBP,hold,89,0,3050,3050,3050,1
2026-05-18T17:20:21Z,la-caravelle,CARC,La Caravelle,2A,2026-08-22,2026-08-29,7,,GBP,hold,96,0,,,,
2026-05-18T17:20:21Z,la-caravelle,CARC,La Caravelle,2A,2026-08-29,2026-09-05,7,,GBP,hold,103,0,,,,
2026-05-18T17:20:21Z,la-caravelle,CARC,La Caravelle,2A,2026-08-02,2026-08-09,7,4262,GBP,hold,76,0,4262,4262,4262,1
2026-05-18T17:20:21Z,la-caravelle,CARC,La Caravelle,2A,2026-08-09,2026-08-16,7,4186,GBP,hold,83,0,4186,4186,4186,1
2026-05-18T17:20:21Z,la-caravelle,CARC,La Caravelle,2A,2026-08-16,2026-08-23,7,,GBP,hold,90,0,,,,
2026-05-18T17:20:21Z,la-caravelle,CARC,La Caravelle,2A,2026-08-23,2026-08-30,7,,GBP,hold,97,0,,,,
2026-05-18T17:20:21Z,la-caravelle,CARC,La Caravelle,2A,2026-08-30,2026-09-06,7,,GBP,hold,104,0,,,,
2026-05-18T17:20:21Z,la-caravelle,CARC,La Caravelle,2A,2026-09-05,2026-09-12,7,,GBP,hold,110,0,,,,
2026-05-18T17:20:21Z,la-caravelle,CARC,La Caravelle,2A,2026-09-12,2026-09-19,7,,GBP,hold,117,0,,,,
2026-05-18T17:20:21Z,la-caravelle,CARC,La Caravelle,2A,2026-09-19,2026-09-26,7,,GBP,hold,124,0,,,,
2026-05-18T17:20:21Z,la-caravelle,CARC,La Caravelle,2A,2026-09-26,2026-10-03,7,,GBP,hold,131,0,,,,
2026-05-18T17:20:21Z,la-caravelle,CARC,La Caravelle,2A,2026-09-06,2026-09-13,7,,GBP,hold,111,0,,,,
2026-05-18T17:20:21Z,la-caravelle,CARC,La Caravelle,2A,2026-09-13,2026-09-20,7,,GBP,hold,118,0,,,,
2026-05-18T17:20:21Z,la-caravelle,CARC,La Caravelle,2A,2026-09-20,2026-09-27,7,,GBP,hold,125,0,,,,
2026-05-18T17:20:21Z,la-caravelle,CARC,La Caravelle,2A,2026-09-27,2026-10-04,7,,GBP,hold,132,0,,,,
2026-05-18T17:20:21Z,la-caravelle,CARC,La Caravelle,2A1C,2026-06-06,2026-06-13,7,2403,GBP,hold,19,0,2403,2403,2403,1
2026-05-18T17:20:21Z,la-caravelle,CARC,La Caravelle,2A1C,2026-06-13,2026-06-20,7,2819,GBP,hold,26,0,2819,2819,2819,1
2026-05-18T17:20:21Z,la-caravelle,CARC,La Caravelle,2A1C,2026-06-20,2026-06-27,7,3139,GBP,hold,33,0,3139,3139,3139,1
2026-05-18T17:20:21Z,la-caravelle,CARC,La Caravelle,2A1C,2026-06-27,2026-07-04,7,3139,GBP,hold,40,0,3139,3139,3139,1
2026-05-18T17:20:21Z,la-caravelle,CARC,La Caravelle,2A1C,2026-06-07,2026-06-14,7,2819,GBP,hold,20,0,2819,2819,2819,1
2026-05-18T17:20:21Z,la-caravelle,CARC,La Caravelle,2A1C,2026-06-14,2026-06-21,7,2863,GBP,hold,27,0,2863,2863,2863,1
2026-05-18T17:20:21Z,la-caravelle,CARC,La Caravelle,2A1C,2026-06-21,2026-06-28,7,3139,GBP,hold,34,0,3139,3139,3139,1
2026-05-18T17:20:21Z,la-caravelle,CARC,La Caravelle,2A1C,2026-06-28,2026-07-05,7,3169,GBP,hold,41,0,3169,3169,3169,1
2026-05-18T17:20:21Z,la-caravelle,CARC,La Caravelle,2A1C,2026-07-04,2026-07-11,7,3351,GBP,hold,47,0,3351,3351,3351,1
2026-05-18T17:20:21Z,la-caravelle,CARC,La Caravelle,2A1C,2026-07-11,2026-07-18,7,3501,GBP,hold,54,0,3501,3501,3501,1
2026-05-18T17:20:21Z,la-caravelle,CARC,La Caravelle,2A1C,2026-07-18,2026-07-25,7,3501,GBP,hold,61,0,3501,3501,3501,1
2026-05-18T17:20:21Z,la-caravelle,CARC,La Caravelle,2A1C,2026-07-25,2026-08-01,7,3501,GBP,hold,68,0,3501,3501,3501,1
2026-05-18T17:20:21Z,la-caravelle,CARC,La Caravelle,2A1C,2026-07-05,2026-07-12,7,3373,GBP,hold,48,0,3373,3373,3373,1
2026-05-18T17:20:21Z,la-caravelle,CARC,La Caravelle,2A1C,2026-07-12,2026-07-19,7,3501,GBP,hold,55,0,3501,3501,3501,1
2026-05-18T17:20:21Z,la-caravelle,CARC,La Caravelle,2A1C,2026-07-19,2026-07-26,7,3501,GBP,hold,62,0,3501,3501,3501,1
2026-05-18T17:20:21Z,la-caravelle,CARC,La Caravelle,2A1C,2026-07-26,2026-08-02,7,3523,GBP,hold,69,0,3523,3523,3523,1
2026-05-18T17:20:21Z,la-caravelle,CARC,La Caravelle,2A1C,2026-08-01,2026-08-08,7,3651,GBP,hold,75,0,3651,3651,3651,1
2026-05-18T17:20:21Z,la-caravelle,CARC,La Caravelle,2A1C,2026-08-08,2026-08-15,7,6315,GBP,hold,82,0,6315,6315,6315,1
2026-05-18T17:20:21Z,la-caravelle,CARC,La Caravelle,2A1C,2026-08-15,2026-08-22,7,3203,GBP,hold,89,0,3203,3203,3203,1
2026-05-18T17:20:21Z,la-caravelle,CARC,La Caravelle,2A1C,2026-08-22,2026-08-29,7,,GBP,hold,96,0,,,,
2026-05-18T17:20:21Z,la-caravelle,CARC,La Caravelle,2A1C,2026-08-29,2026-09-05,7,,GBP,hold,103,0,,,,
2026-05-18T17:20:21Z,la-caravelle,CARC,La Caravelle,2A1C,2026-08-02,2026-08-09,7,3963,GBP,hold,76,0,3963,3963,3963,1
2026-05-18T17:20:21Z,la-caravelle,CARC,La Caravelle,2A1C,2026-08-09,2026-08-16,7,6203,GBP,hold,83,0,6203,6203,6203,1
2026-05-18T17:20:21Z,la-caravelle,CARC,La Caravelle,2A1C,2026-08-16,2026-08-23,7,,GBP,hold,90,0,,,,
2026-05-18T17:20:21Z,la-caravelle,CARC,La Caravelle,2A1C,2026-08-23,2026-08-30,7,,GBP,hold,97,0,,,,
2026-05-18T17:20:21Z,la-caravelle,CARC,La Caravelle,2A1C,2026-08-30,2026-09-06,7,,GBP,hold,104,0,,,,
2026-05-18T17:20:21Z,la-caravelle,CARC,La Caravelle,2A1C,2026-09-05,2026-09-12,7,,GBP,hold,110,0,,,,
2026-05-18T17:20:21Z,la-caravelle,CARC,La Caravelle,2A1C,2026-09-12,2026-09-19,7,,GBP,hold,117,0,,,,
2026-05-18T17:20:21Z,la-caravelle,CARC,La Caravelle,2A1C,2026-09-19,2026-09-26,7,,GBP,hold,124,0,,,,
2026-05-18T17:20:21Z,la-caravelle,CARC,La Caravelle,2A1C,2026-09-26,2026-10-03,7,,GBP,hold,131,0,,,,
2026-05-18T17:20:21Z,la-caravelle,CARC,La Caravelle,2A1C,2026-09-06,2026-09-13,7,,GBP,hold,111,0,,,,
2026-05-18T17:20:21Z,la-caravelle,CARC,La Caravelle,2A1C,2026-09-13,2026-09-20,7,,GBP,hold,118,0,,,,
2026-05-18T17:20:21Z,la-caravelle,CARC,La Caravelle,2A1C,2026-09-20,2026-09-27,7,,GBP,hold,125,0,,,,
2026-05-18T17:20:21Z,la-caravelle,CARC,La Caravelle,2A1C,2026-09-27,2026-10-04,7,,GBP,hold,132,0,,,,
2026-05-18T17:20:21Z,la-caravelle,CARC,La Caravelle,2A2C,2026-06-06,2026-06-13,7,3135,GBP,hold,19,0,3135,3135,3135,1
2026-05-18T17:20:21Z,la-caravelle,CARC,La Caravelle,2A2C,2026-06-13,2026-06-20,7,3677,GBP,hold,26,0,3677,3677,3677,1
2026-05-18T17:20:21Z,la-caravelle,CARC,La Caravelle,2A2C,2026-06-20,2026-06-27,7,4095,GBP,hold,33,0,4095,4095,4095,1
2026-05-18T17:20:21Z,la-caravelle,CARC,La Caravelle,2A2C,2026-06-27,2026-07-04,7,4095,GBP,hold,40,0,4095,4095,4095,1
2026-05-18T17:20:21Z,la-caravelle,CARC,La Caravelle,2A2C,2026-06-07,2026-06-14,7,3677,GBP,hold,20,0,3677,3677,3677,1
2026-05-18T17:20:21Z,la-caravelle,CARC,La Caravelle,2A2C,2026-06-14,2026-06-21,7,3737,GBP,hold,27,0,3737,3737,3737,1
2026-05-18T17:20:21Z,la-caravelle,CARC,La Caravelle,2A2C,2026-06-21,2026-06-28,7,4095,GBP,hold,34,0,4095,4095,4095,1
2026-05-18T17:20:21Z,la-caravelle,CARC,La Caravelle,2A2C,2026-06-28,2026-07-05,7,4135,GBP,hold,41,0,4135,4135,4135,1
2026-05-18T17:20:21Z,la-caravelle,CARC,La Caravelle,2A2C,2026-07-04,2026-07-11,7,4373,GBP,hold,47,0,4373,4373,4373,1
2026-05-18T17:20:21Z,la-caravelle,CARC,La Caravelle,2A2C,2026-07-11,2026-07-18,7,4567,GBP,hold,54,0,4567,4567,4567,1
2026-05-18T17:20:21Z,la-caravelle,CARC,La Caravelle,2A2C,2026-07-18,2026-07-25,7,4567,GBP,hold,61,0,4567,4567,4567,1
2026-05-18T17:20:21Z,la-caravelle,CARC,La Caravelle,2A2C,2026-07-25,2026-08-01,7,4928,GBP,hold,68,0,4928,4928,4928,1
2026-05-18T17:20:21Z,la-caravelle,CARC,La Caravelle,2A2C,2026-07-05,2026-07-12,7,4400,GBP,hold,48,0,4400,4400,4400,1
2026-05-18T17:20:21Z,la-caravelle,CARC,La Caravelle,2A2C,2026-07-12,2026-07-19,7,4567,GBP,hold,55,0,4567,4567,4567,1
2026-05-18T17:20:21Z,la-caravelle,CARC,La Caravelle,2A2C,2026-07-19,2026-07-26,7,4619,GBP,hold,62,0,4619,4619,4619,1
2026-05-18T17:20:21Z,la-caravelle,CARC,La Caravelle,2A2C,2026-07-26,2026-08-02,7,4958,GBP,hold,69,0,4958,4958,4958,1
2026-05-18T17:20:21Z,la-caravelle,CARC,La Caravelle,2A2C,2026-08-01,2026-08-08,7,5139,GBP,hold,75,0,5139,5139,5139,1
2026-05-18T17:20:21Z,la-caravelle,CARC,La Caravelle,2A2C,2026-08-08,2026-08-15,7,5139,GBP,hold,82,0,5139,5139,5139,1
2026-05-18T17:20:21Z,la-caravelle,CARC,La Caravelle,2A2C,2026-08-15,2026-08-22,7,4507,GBP,hold,89,0,4507,4507,4507,1
2026-05-18T17:20:21Z,la-caravelle,CARC,La Caravelle,2A2C,2026-08-22,2026-08-29,7,,GBP,hold,96,0,,,,
2026-05-18T17:20:21Z,la-caravelle,CARC,La Caravelle,2A2C,2026-08-29,2026-09-05,7,,GBP,hold,103,0,,,,
2026-05-18T17:20:21Z,la-caravelle,CARC,La Caravelle,2A2C,2026-08-02,2026-08-09,7,5139,GBP,hold,76,0,5139,5139,5139,1
2026-05-18T17:20:21Z,la-caravelle,CARC,La Caravelle,2A2C,2026-08-09,2026-08-16,7,5049,GBP,hold,83,0,5049,5049,5049,1
2026-05-18T17:20:21Z,la-caravelle,CARC,La Caravelle,2A2C,2026-08-16,2026-08-23,7,,GBP,hold,90,0,,,,
2026-05-18T17:20:21Z,la-caravelle,CARC,La Caravelle,2A2C,2026-08-23,2026-08-30,7,,GBP,hold,97,0,,,,
2026-05-18T17:20:21Z,la-caravelle,CARC,La Caravelle,2A2C,2026-08-30,2026-09-06,7,,GBP,hold,104,0,,,,
2026-05-18T17:20:21Z,la-caravelle,CARC,La Caravelle,2A2C,2026-09-05,2026-09-12,7,,GBP,hold,110,0,,,,
2026-05-18T17:20:21Z,la-caravelle,CARC,La Caravelle,2A2C,2026-09-12,2026-09-19,7,,GBP,hold,117,0,,,,
2026-05-18T17:20:21Z,la-caravelle,CARC,La Caravelle,2A2C,2026-09-19,2026-09-26,7,,GBP,hold,124,0,,,,
2026-05-18T17:20:21Z,la-caravelle,CARC,La Caravelle,2A2C,2026-09-26,2026-10-03,7,,GBP,hold,131,0,,,,
2026-05-18T17:20:21Z,la-caravelle,CARC,La Caravelle,2A2C,2026-09-06,2026-09-13,7,,GBP,hold,111,0,,,,
2026-05-18T17:20:21Z,la-caravelle,CARC,La Caravelle,2A2C,2026-09-13,2026-09-20,7,,GBP,hold,118,0,,,,
2026-05-18T17:20:21Z,la-caravelle,CARC,La Caravelle,2A2C,2026-09-20,2026-09-27,7,,GBP,hold,125,0,,,,
2026-05-18T17:20:21Z,la-caravelle,CARC,La Caravelle,2A2C,2026-09-27,2026-10-04,7,,GBP,hold,132,0,,,,
2026-05-18T17:20:21Z,kani,KANC,Kani,2A,2026-06-06,2026-06-13,7,2670,GBP,hold,19,0,2670,2670,2670,1
2026-05-18T17:20:21Z,kani,KANC,Kani,2A,2026-06-13,2026-06-20,7,3296,GBP,hold,26,0,3296,3296,3296,1
2026-05-18T17:20:21Z,kani,KANC,Kani,2A,2026-06-20,2026-06-27,7,2826,GBP,hold,33,0,2826,2826,2826,1
2026-05-18T17:20:21Z,kani,KANC,Kani,2A,2026-06-27,2026-07-04,7,3150,GBP,hold,40,0,3150,3150,3150,1
2026-05-18T17:20:21Z,kani,KANC,Kani,2A,2026-06-07,2026-06-14,7,3296,GBP,hold,20,0,3296,3296,3296,1
2026-05-18T17:20:21Z,kani,KANC,Kani,2A,2026-06-14,2026-06-21,7,3296,GBP,hold,27,0,3296,3296,3296,1
2026-05-18T17:20:21Z,kani,KANC,Kani,2A,2026-06-21,2026-06-28,7,2872,GBP,hold,34,0,2872,2872,2872,1
2026-05-18T17:20:21Z,kani,KANC,Kani,2A,2026-06-28,2026-07-05,7,3150,GBP,hold,41,0,3150,3150,3150,1
2026-05-18T17:20:21Z,kani,KANC,Kani,2A,2026-07-04,2026-07-11,7,3150,GBP,hold,47,0,3150,3150,3150,1
2026-05-18T17:20:21Z,kani,KANC,Kani,2A,2026-07-11,2026-07-18,7,3150,GBP,hold,54,0,3150,3150,3150,1
2026-05-18T17:20:21Z,kani,KANC,Kani,2A,2026-07-18,2026-07-25,7,3150,GBP,hold,61,0,3150,3150,3150,1
2026-05-18T17:20:21Z,kani,KANC,Kani,2A,2026-07-25,2026-08-01,7,3150,GBP,hold,68,0,3150,3150,3150,1
2026-05-18T17:20:21Z,kani,KANC,Kani,2A,2026-07-05,2026-07-12,7,3150,GBP,hold,48,0,3150,3150,3150,1
2026-05-18T17:20:21Z,kani,KANC,Kani,2A,2026-07-12,2026-07-19,7,3150,GBP,hold,55,0,3150,3150,3150,1
2026-05-18T17:20:21Z,kani,KANC,Kani,2A,2026-07-19,2026-07-26,7,3150,GBP,hold,62,0,3150,3150,3150,1
2026-05-18T17:20:21Z,kani,KANC,Kani,2A,2026-07-26,2026-08-02,7,3150,GBP,hold,69,0,3150,3150,3150,1
2026-05-18T17:20:21Z,kani,KANC,Kani,2A,2026-08-01,2026-08-08,7,3150,GBP,hold,75,0,3150,3150,3150,1
2026-05-18T17:20:21Z,kani,KANC,Kani,2A,2026-08-08,2026-08-15,7,3150,GBP,hold,82,0,3150,3150,3150,1
2026-05-18T17:20:21Z,kani,KANC,Kani,2A,2026-08-15,2026-08-22,7,3150,GBP,hold,89,0,3150,3150,3150,1
2026-05-18T17:20:21Z,kani,KANC,Kani,2A,2026-08-22,2026-08-29,7,2826,GBP,hold,96,0,2826,2826,2826,1
2026-05-18T17:20:21Z,kani,KANC,Kani,2A,2026-08-29,2026-09-05,7,2722,GBP,hold,103,0,2722,2722,2722,1
2026-05-18T17:20:21Z,kani,KANC,Kani,2A,2026-08-02,2026-08-09,7,3150,GBP,hold,76,0,3150,3150,3150,1
2026-05-18T17:20:21Z,kani,KANC,Kani,2A,2026-08-09,2026-08-16,7,3150,GBP,hold,83,0,3150,3150,3150,1
2026-05-18T17:20:21Z,kani,KANC,Kani,2A,2026-08-16,2026-08-23,7,3106,GBP,hold,90,0,3106,3106,3106,1
2026-05-18T17:20:21Z,kani,KANC,Kani,2A,2026-08-23,2026-08-30,7,2810,GBP,hold,97,0,2810,2810,2810,1
2026-05-18T17:20:21Z,kani,KANC,Kani,2A,2026-08-30,2026-09-06,7,2722,GBP,hold,104,0,2722,2722,2722,1
2026-05-18T17:20:21Z,kani,KANC,Kani,2A,2026-09-05,2026-09-12,7,2722,GBP,hold,110,0,2722,2722,2722,1
2026-05-18T17:20:21Z,kani,KANC,Kani,2A,2026-09-12,2026-09-19,7,2722,GBP,hold,117,0,2722,2722,2722,1
2026-05-18T17:20:21Z,kani,KANC,Kani,2A,2026-09-19,2026-09-26,7,2930,GBP,hold,124,0,2930,2930,2930,1
2026-05-18T17:20:21Z,kani,KANC,Kani,2A,2026-09-26,2026-10-03,7,2930,GBP,hold,131,0,2930,2930,2930,1
2026-05-18T17:20:21Z,kani,KANC,Kani,2A,2026-09-06,2026-09-13,7,2722,GBP,hold,111,0,2722,2722,2722,1
2026-05-18T17:20:21Z,kani,KANC,Kani,2A,2026-09-13,2026-09-20,7,2752,GBP,hold,118,0,2752,2752,2752,1
2026-05-18T17:20:21Z,kani,KANC,Kani,2A,2026-09-20,2026-09-27,7,2930,GBP,hold,125,0,2930,2930,2930,1
2026-05-18T17:20:21Z,kani,KANC,Kani,2A,2026-09-27,2026-10-04,7,2930,GBP,hold,132,0,2930,2930,2930,1
2026-05-18T17:20:21Z,kani,KANC,Kani,2A1C,2026-06-06,2026-06-13,7,2752,GBP,hold,19,0,2752,2752,2752,1
2026-05-18T17:20:21Z,kani,KANC,Kani,2A1C,2026-06-13,2026-06-20,7,3378,GBP,hold,26,0,3378,3378,3378,1
2026-05-18T17:20:21Z,kani,KANC,Kani,2A1C,2026-06-20,2026-06-27,7,2908,GBP,hold,33,0,2908,2908,2908,1
2026-05-18T17:20:21Z,kani,KANC,Kani,2A1C,2026-06-27,2026-07-04,7,3232,GBP,hold,40,0,3232,3232,3232,1
2026-05-18T17:20:21Z,kani,KANC,Kani,2A1C,2026-06-07,2026-06-14,7,3378,GBP,hold,20,0,3378,3378,3378,1
2026-05-18T17:20:21Z,kani,KANC,Kani,2A1C,2026-06-14,2026-06-21,7,3378,GBP,hold,27,0,3378,3378,3378,1
2026-05-18T17:20:21Z,kani,KANC,Kani,2A1C,2026-06-21,2026-06-28,7,2954,GBP,hold,34,0,2954,2954,2954,1
2026-05-18T17:20:21Z,kani,KANC,Kani,2A1C,2026-06-28,2026-07-05,7,3232,GBP,hold,41,0,3232,3232,3232,1
2026-05-18T17:20:21Z,kani,KANC,Kani,2A1C,2026-07-04,2026-07-11,7,3232,GBP,hold,47,0,3232,3232,3232,1
2026-05-18T17:20:21Z,kani,KANC,Kani,2A1C,2026-07-11,2026-07-18,7,3232,GBP,hold,54,0,3232,3232,3232,1
2026-05-18T17:20:21Z,kani,KANC,Kani,2A1C,2026-07-18,2026-07-25,7,3232,GBP,hold,61,0,3232,3232,3232,1
2026-05-18T17:20:21Z,kani,KANC,Kani,2A1C,2026-07-25,2026-08-01,7,3232,GBP,hold,68,0,3232,3232,3232,1
2026-05-18T17:20:21Z,kani,KANC,Kani,2A1C,2026-07-05,2026-07-12,7,3232,GBP,hold,48,0,3232,3232,3232,1
2026-05-18T17:20:21Z,kani,KANC,Kani,2A1C,2026-07-12,2026-07-19,7,3232,GBP,hold,55,0,3232,3232,3232,1
2026-05-18T17:20:21Z,kani,KANC,Kani,2A1C,2026-07-19,2026-07-26,7,3232,GBP,hold,62,0,3232,3232,3232,1
2026-05-18T17:20:21Z,kani,KANC,Kani,2A1C,2026-07-26,2026-08-02,7,3232,GBP,hold,69,0,3232,3232,3232,1
2026-05-18T17:20:21Z,kani,KANC,Kani,2A1C,2026-08-01,2026-08-08,7,3232,GBP,hold,75,0,3232,3232,3232,1
2026-05-18T17:20:21Z,kani,KANC,Kani,2A1C,2026-08-08,2026-08-15,7,3232,GBP,hold,82,0,3232,3232,3232,1
2026-05-18T17:20:21Z,kani,KANC,Kani,2A1C,2026-08-15,2026-08-22,7,3232,GBP,hold,89,0,3232,3232,3232,1
2026-05-18T17:20:21Z,kani,KANC,Kani,2A1C,2026-08-22,2026-08-29,7,2908,GBP,hold,96,0,2908,2908,2908,1
2026-05-18T17:20:21Z,kani,KANC,Kani,2A1C,2026-08-29,2026-09-05,7,2804,GBP,hold,103,0,2804,2804,2804,1
2026-05-18T17:20:21Z,kani,KANC,Kani,2A1C,2026-08-02,2026-08-09,7,3232,GBP,hold,76,0,3232,3232,3232,1
2026-05-18T17:20:21Z,kani,KANC,Kani,2A1C,2026-08-09,2026-08-16,7,3232,GBP,hold,83,0,3232,3232,3232,1
2026-05-18T17:20:21Z,kani,KANC,Kani,2A1C,2026-08-16,2026-08-23,7,3188,GBP,hold,90,0,3188,3188,3188,1
2026-05-18T17:20:21Z,kani,KANC,Kani,2A1C,2026-08-23,2026-08-30,7,2892,GBP,hold,97,0,2892,2892,2892,1
2026-05-18T17:20:21Z,kani,KANC,Kani,2A1C,2026-08-30,2026-09-06,7,2804,GBP,hold,104,0,2804,2804,2804,1
2026-05-18T17:20:21Z,kani,KANC,Kani,2A1C,2026-09-05,2026-09-12,7,2804,GBP,hold,110,0,2804,2804,2804,1
2026-05-18T17:20:21Z,kani,KANC,Kani,2A1C,2026-09-12,2026-09-19,7,2804,GBP,hold,117,0,2804,2804,2804,1
2026-05-18T17:20:21Z,kani,KANC,Kani,2A1C,2026-09-19,2026-09-26,7,3012,GBP,hold,124,0,3012,3012,3012,1
2026-05-18T17:20:21Z,kani,KANC,Kani,2A1C,2026-09-26,2026-10-03,7,3012,GBP,hold,131,0,3012,3012,3012,1
2026-05-18T17:20:21Z,kani,KANC,Kani,2A1C,2026-09-06,2026-09-13,7,2804,GBP,hold,111,0,2804,2804,2804,1
2026-05-18T17:20:21Z,kani,KANC,Kani,2A1C,2026-09-13,2026-09-20,7,2834,GBP,hold,118,0,2834,2834,2834,1
2026-05-18T17:20:21Z,kani,KANC,Kani,2A1C,2026-09-20,2026-09-27,7,3012,GBP,hold,125,0,3012,3012,3012,1
2026-05-18T17:20:21Z,kani,KANC,Kani,2A1C,2026-09-27,2026-10-04,7,3012,GBP,hold,132,0,3012,3012,3012,1
2026-05-18T17:20:21Z,kani,KANC,Kani,2A2C,2026-06-06,2026-06-13,7,3460,GBP,hold,19,0,3460,3460,3460,1
2026-05-18T17:20:21Z,kani,KANC,Kani,2A2C,2026-06-13,2026-06-20,7,4243,GBP,hold,26,0,4243,4243,4243,1
2026-05-18T17:20:21Z,kani,KANC,Kani,2A2C,2026-06-20,2026-06-27,7,3656,GBP,hold,33,0,3656,3656,3656,1
2026-05-18T17:20:21Z,kani,KANC,Kani,2A2C,2026-06-27,2026-07-04,7,4061,GBP,hold,40,0,4061,4061,4061,1
2026-05-18T17:20:21Z,kani,KANC,Kani,2A2C,2026-06-07,2026-06-14,7,4243,GBP,hold,20,0,4243,4243,4243,1
2026-05-18T17:20:21Z,kani,KANC,Kani,2A2C,2026-06-14,2026-06-21,7,4243,GBP,hold,27,0,4243,4243,4243,1
2026-05-18T17:20:21Z,kani,KANC,Kani,2A2C,2026-06-21,2026-06-28,7,3713,GBP,hold,34,0,3713,3713,3713,1
2026-05-18T17:20:21Z,kani,KANC,Kani,2A2C,2026-06-28,2026-07-05,7,4061,GBP,hold,41,0,4061,4061,4061,1
2026-05-18T17:20:21Z,kani,KANC,Kani,2A2C,2026-07-04,2026-07-11,7,4268,GBP,hold,47,0,4268,4268,4268,1
2026-05-18T17:20:21Z,kani,KANC,Kani,2A2C,2026-07-11,2026-07-18,7,4268,GBP,hold,54,0,4268,4268,4268,1
2026-05-18T17:20:21Z,kani,KANC,Kani,2A2C,2026-07-18,2026-07-25,7,4061,GBP,hold,61,0,4061,4061,4061,1
2026-05-18T17:20:21Z,kani,KANC,Kani,2A2C,2026-07-25,2026-08-01,7,4360,GBP,hold,68,0,4360,4360,4360,1
2026-05-18T17:20:21Z,kani,KANC,Kani,2A2C,2026-07-05,2026-07-12,7,4268,GBP,hold,48,0,4268,4268,4268,1
2026-05-18T17:20:21Z,kani,KANC,Kani,2A2C,2026-07-12,2026-07-19,7,4268,GBP,hold,55,0,4268,4268,4268,1
2026-05-18T17:20:21Z,kani,KANC,Kani,2A2C,2026-07-19,2026-07-26,7,4104,GBP,hold,62,0,4104,4104,4104,1
2026-05-18T17:20:21Z,kani,KANC,Kani,2A2C,2026-07-26,2026-08-02,7,4360,GBP,hold,69,0,4360,4360,4360,1
2026-05-18T17:20:21Z,kani,KANC,Kani,2A2C,2026-08-01,2026-08-08,7,4360,GBP,hold,75,0,4360,4360,4360,1
2026-05-18T17:20:21Z,kani,KANC,Kani,2A2C,2026-08-08,2026-08-15,7,4360,GBP,hold,82,0,4360,4360,4360,1
2026-05-18T17:20:21Z,kani,KANC,Kani,2A2C,2026-08-15,2026-08-22,7,4583,GBP,hold,89,0,4583,4583,4583,1
2026-05-18T17:20:21Z,kani,KANC,Kani,2A2C,2026-08-22,2026-08-29,7,3663,GBP,hold,96,0,3663,3663,3663,1
2026-05-18T17:20:21Z,kani,KANC,Kani,2A2C,2026-08-29,2026-09-05,7,3526,GBP,hold,103,0,3526,3526,3526,1
2026-05-18T17:20:21Z,kani,KANC,Kani,2A2C,2026-08-02,2026-08-09,7,4360,GBP,hold,76,0,4360,4360,4360,1
2026-05-18T17:20:21Z,kani,KANC,Kani,2A2C,2026-08-09,2026-08-16,7,4360,GBP,hold,83,0,4360,4360,4360,1
2026-05-18T17:20:21Z,kani,KANC,Kani,2A2C,2026-08-16,2026-08-23,7,4476,GBP,hold,90,0,4476,4476,4476,1
2026-05-18T17:20:21Z,kani,KANC,Kani,2A2C,2026-08-23,2026-08-30,7,3645,GBP,hold,97,0,3645,3645,3645,1
2026-05-18T17:20:21Z,kani,KANC,Kani,2A2C,2026-08-30,2026-09-06,7,3526,GBP,hold,104,0,3526,3526,3526,1
2026-05-18T17:20:21Z,kani,KANC,Kani,2A2C,2026-09-05,2026-09-12,7,3533,GBP,hold,110,0,3533,3533,3533,1
2026-05-18T17:20:21Z,kani,KANC,Kani,2A2C,2026-09-12,2026-09-19,7,3533,GBP,hold,117,0,3533,3533,3533,1
2026-05-18T17:20:21Z,kani,KANC,Kani,2A2C,2026-09-19,2026-09-26,7,3793,GBP,hold,124,0,3793,3793,3793,1
2026-05-18T17:20:21Z,kani,KANC,Kani,2A2C,2026-09-26,2026-10-03,7,3975,GBP,hold,131,0,3975,3975,3975,1
2026-05-18T17:20:21Z,kani,KANC,Kani,2A2C,2026-09-06,2026-09-13,7,3533,GBP,hold,111,0,3533,3533,3533,1
2026-05-18T17:20:21Z,kani,KANC,Kani,2A2C,2026-09-13,2026-09-20,7,3563,GBP,hold,118,0,3563,3563,3563,1
2026-05-18T17:20:21Z,kani,KANC,Kani,2A2C,2026-09-20,2026-09-27,7,3793,GBP,hold,125,0,3793,3793,3793,1
2026-05-18T17:20:21Z,kani,KANC,Kani,2A2C,2026-09-27,2026-10-04,7,3975,GBP,hold,132,0,3975,3975,3975,1
2026-05-18T17:20:21Z,la-palmyre,LPAC,La Palmyre,2A,2026-06-06,2026-06-13,7,2568,GBP,hold,19,0,2568,2568,2568,1
2026-05-18T17:20:21Z,la-palmyre,LPAC,La Palmyre,2A,2026-06-13,2026-06-20,7,3016,GBP,hold,26,0,3016,3016,3016,1
2026-05-18T17:20:21Z,la-palmyre,LPAC,La Palmyre,2A,2026-06-20,2026-06-27,7,3414,GBP,hold,33,0,3414,3414,3414,1
2026-05-18T17:20:21Z,la-palmyre,LPAC,La Palmyre,2A,2026-06-27,2026-07-04,7,4004,GBP,hold,40,0,4004,4004,4004,1
2026-05-18T17:20:21Z,la-palmyre,LPAC,La Palmyre,2A,2026-06-07,2026-06-14,7,2568,GBP,hold,20,0,2568,2568,2568,1
2026-05-18T17:20:21Z,la-palmyre,LPAC,La Palmyre,2A,2026-06-14,2026-06-21,7,3016,GBP,hold,27,0,3016,3016,3016,1
2026-05-18T17:20:21Z,la-palmyre,LPAC,La Palmyre,2A,2026-06-21,2026-06-28,7,3480,GBP,hold,34,0,3480,3480,3480,1
2026-05-18T17:20:21Z,la-palmyre,LPAC,La Palmyre,2A,2026-06-28,2026-07-05,7,4092,GBP,hold,41,0,4092,4092,4092,1
2026-05-18T17:20:21Z,la-palmyre,LPAC,La Palmyre,2A,2026-07-04,2026-07-11,7,4558,GBP,hold,47,0,4558,4558,4558,1
2026-05-18T17:20:21Z,la-palmyre,LPAC,La Palmyre,2A,2026-07-11,2026-07-18,7,4636,GBP,hold,54,0,4636,4636,4636,1
2026-05-18T17:20:21Z,la-palmyre,LPAC,La Palmyre,2A,2026-07-18,2026-07-25,7,4758,GBP,hold,61,0,4758,4758,4758,1
2026-05-18T17:20:21Z,la-palmyre,LPAC,La Palmyre,2A,2026-07-25,2026-08-01,7,4780,GBP,hold,68,0,4780,4780,4780,1
2026-05-18T17:20:21Z,la-palmyre,LPAC,La Palmyre,2A,2026-07-05,2026-07-12,7,4636,GBP,hold,48,0,4636,4636,4636,1
2026-05-18T17:20:21Z,la-palmyre,LPAC,La Palmyre,2A,2026-07-12,2026-07-19,7,4636,GBP,hold,55,0,4636,4636,4636,1
2026-05-18T17:20:21Z,la-palmyre,LPAC,La Palmyre,2A,2026-07-19,2026-07-26,7,4780,GBP,hold,62,0,4780,4780,4780,1
2026-05-18T17:20:21Z,la-palmyre,LPAC,La Palmyre,2A,2026-07-26,2026-08-02,7,4780,GBP,hold,69,0,4780,4780,4780,1
2026-05-18T17:20:21Z,la-palmyre,LPAC,La Palmyre,2A,2026-08-01,2026-08-08,7,5010,GBP,hold,75,0,5010,5010,5010,1
2026-05-18T17:20:21Z,la-palmyre,LPAC,La Palmyre,2A,2026-08-08,2026-08-15,7,5048,GBP,hold,82,0,5048,5048,5048,1
2026-05-18T17:20:21Z,la-palmyre,LPAC,La Palmyre,2A,2026-08-15,2026-08-22,7,4818,GBP,hold,89,0,4818,4818,4818,1
2026-05-18T17:20:21Z,la-palmyre,LPAC,La Palmyre,2A,2026-08-22,2026-08-29,7,4492,GBP,hold,96,0,4492,4492,4492,1
2026-05-18T17:20:21Z,la-palmyre,LPAC,La Palmyre,2A,2026-08-29,2026-09-05,7,3090,GBP,hold,103,0,3090,3090,3090,1
2026-05-18T17:20:21Z,la-palmyre,LPAC,La Palmyre,2A,2026-08-02,2026-08-09,7,5048,GBP,hold,76,0,5048,5048,5048,1
2026-05-18T17:20:21Z,la-palmyre,LPAC,La Palmyre,2A,2026-08-09,2026-08-16,7,5048,GBP,hold,83,0,5048,5048,5048,1
2026-05-18T17:20:21Z,la-palmyre,LPAC,La Palmyre,2A,2026-08-16,2026-08-23,7,4780,GBP,hold,90,0,4780,4780,4780,1
2026-05-18T17:20:21Z,la-palmyre,LPAC,La Palmyre,2A,2026-08-23,2026-08-30,7,4252,GBP,hold,97,0,4252,4252,4252,1
2026-05-18T17:20:21Z,la-palmyre,LPAC,La Palmyre,2A,2026-08-30,2026-09-06,7,3090,GBP,hold,104,0,3090,3090,3090,1
2026-05-18T17:20:21Z,la-palmyre,LPAC,La Palmyre,2A,2026-09-05,2026-09-12,7,2980,GBP,hold,110,0,2980,2980,2980,1
2026-05-18T17:20:21Z,la-palmyre,LPAC,La Palmyre,2A,2026-09-12,2026-09-19,7,2642,GBP,hold,117,0,2642,2642,2642,1
2026-05-18T17:20:21Z,la-palmyre,LPAC,La Palmyre,2A,2026-09-19,2026-09-26,7,,GBP,hold,124,0,,,,
2026-05-18T17:20:21Z,la-palmyre,LPAC,La Palmyre,2A,2026-09-26,2026-10-03,7,2384,GBP,hold,131,0,2384,2384,2384,1
2026-05-18T17:20:21Z,la-palmyre,LPAC,La Palmyre,2A,2026-09-06,2026-09-13,7,2960,GBP,hold,111,0,2960,2960,2960,1
2026-05-18T17:20:21Z,la-palmyre,LPAC,La Palmyre,2A,2026-09-13,2026-09-20,7,2590,GBP,hold,118,0,2590,2590,2590,1
2026-05-18T17:20:21Z,la-palmyre,LPAC,La Palmyre,2A,2026-09-20,2026-09-27,7,,GBP,hold,125,0,,,,
2026-05-18T17:20:21Z,la-palmyre,LPAC,La Palmyre,2A,2026-09-27,2026-10-04,7,2348,GBP,hold,132,0,2348,2348,2348,1
2026-05-18T17:20:21Z,la-palmyre,LPAC,La Palmyre,2A1C,2026-06-06,2026-06-13,7,2583,GBP,hold,19,0,2583,2583,2583,1
2026-05-18T17:20:21Z,la-palmyre,LPAC,La Palmyre,2A1C,2026-06-13,2026-06-20,7,3031,GBP,hold,26,0,3031,3031,3031,1
2026-05-18T17:20:21Z,la-palmyre,LPAC,La Palmyre,2A1C,2026-06-20,2026-06-27,7,3429,GBP,hold,33,0,3429,3429,3429,1
2026-05-18T17:20:21Z,la-palmyre,LPAC,La Palmyre,2A1C,2026-06-27,2026-07-04,7,4019,GBP,hold,40,0,4019,4019,4019,1
2026-05-18T17:20:21Z,la-palmyre,LPAC,La Palmyre,2A1C,2026-06-07,2026-06-14,7,2583,GBP,hold,20,0,2583,2583,2583,1
2026-05-18T17:20:21Z,la-palmyre,LPAC,La Palmyre,2A1C,2026-06-14,2026-06-21,7,3031,GBP,hold,27,0,3031,3031,3031,1
2026-05-18T17:20:21Z,la-palmyre,LPAC,La Palmyre,2A1C,2026-06-21,2026-06-28,7,3495,GBP,hold,34,0,3495,3495,3495,1
2026-05-18T17:20:21Z,la-palmyre,LPAC,La Palmyre,2A1C,2026-06-28,2026-07-05,7,4107,GBP,hold,41,0,4107,4107,4107,1
2026-05-18T17:20:21Z,la-palmyre,LPAC,La Palmyre,2A1C,2026-07-04,2026-07-11,7,4573,GBP,hold,47,0,4573,4573,4573,1
2026-05-18T17:20:21Z,la-palmyre,LPAC,La Palmyre,2A1C,2026-07-11,2026-07-18,7,4651,GBP,hold,54,0,4651,4651,4651,1
2026-05-18T17:20:21Z,la-palmyre,LPAC,La Palmyre,2A1C,2026-07-18,2026-07-25,7,4773,GBP,hold,61,0,4773,4773,4773,1
2026-05-18T17:20:21Z,la-palmyre,LPAC,La Palmyre,2A1C,2026-07-25,2026-08-01,7,4795,GBP,hold,68,0,4795,4795,4795,1
2026-05-18T17:20:21Z,la-palmyre,LPAC,La Palmyre,2A1C,2026-07-05,2026-07-12,7,4651,GBP,hold,48,0,4651,4651,4651,1
2026-05-18T17:20:21Z,la-palmyre,LPAC,La Palmyre,2A1C,2026-07-12,2026-07-19,7,4651,GBP,hold,55,0,4651,4651,4651,1
2026-05-18T17:20:21Z,la-palmyre,LPAC,La Palmyre,2A1C,2026-07-19,2026-07-26,7,4795,GBP,hold,62,0,4795,4795,4795,1
2026-05-18T17:20:21Z,la-palmyre,LPAC,La Palmyre,2A1C,2026-07-26,2026-08-02,7,4795,GBP,hold,69,0,4795,4795,4795,1
2026-05-18T17:20:21Z,la-palmyre,LPAC,La Palmyre,2A1C,2026-08-01,2026-08-08,7,5025,GBP,hold,75,0,5025,5025,5025,1
2026-05-18T17:20:21Z,la-palmyre,LPAC,La Palmyre,2A1C,2026-08-08,2026-08-15,7,5063,GBP,hold,82,0,5063,5063,5063,1
2026-05-18T17:20:21Z,la-palmyre,LPAC,La Palmyre,2A1C,2026-08-15,2026-08-22,7,4833,GBP,hold,89,0,4833,4833,4833,1
2026-05-18T17:20:21Z,la-palmyre,LPAC,La Palmyre,2A1C,2026-08-22,2026-08-29,7,4507,GBP,hold,96,0,4507,4507,4507,1
2026-05-18T17:20:21Z,la-palmyre,LPAC,La Palmyre,2A1C,2026-08-29,2026-09-05,7,3105,GBP,hold,103,0,3105,3105,3105,1
2026-05-18T17:20:21Z,la-palmyre,LPAC,La Palmyre,2A1C,2026-08-02,2026-08-09,7,5063,GBP,hold,76,0,5063,5063,5063,1
2026-05-18T17:20:21Z,la-palmyre,LPAC,La Palmyre,2A1C,2026-08-09,2026-08-16,7,5063,GBP,hold,83,0,5063,5063,5063,1
2026-05-18T17:20:21Z,la-palmyre,LPAC,La Palmyre,2A1C,2026-08-16,2026-08-23,7,4795,GBP,hold,90,0,4795,4795,4795,1
2026-05-18T17:20:21Z,la-palmyre,LPAC,La Palmyre,2A1C,2026-08-23,2026-08-30,7,4267,GBP,hold,97,0,4267,4267,4267,1
2026-05-18T17:20:21Z,la-palmyre,LPAC,La Palmyre,2A1C,2026-08-30,2026-09-06,7,3105,GBP,hold,104,0,3105,3105,3105,1
2026-05-18T17:20:21Z,la-palmyre,LPAC,La Palmyre,2A1C,2026-09-05,2026-09-12,7,2995,GBP,hold,110,0,2995,2995,2995,1
2026-05-18T17:20:21Z,la-palmyre,LPAC,La Palmyre,2A1C,2026-09-12,2026-09-19,7,2657,GBP,hold,117,0,2657,2657,2657,1
2026-05-18T17:20:21Z,la-palmyre,LPAC,La Palmyre,2A1C,2026-09-19,2026-09-26,7,,GBP,hold,124,0,,,,
2026-05-18T17:20:21Z,la-palmyre,LPAC,La Palmyre,2A1C,2026-09-26,2026-10-03,7,2399,GBP,hold,131,0,2399,2399,2399,1
2026-05-18T17:20:21Z,la-palmyre,LPAC,La Palmyre,2A1C,2026-09-06,2026-09-13,7,2975,GBP,hold,111,0,2975,2975,2975,1
2026-05-18T17:20:21Z,la-palmyre,LPAC,La Palmyre,2A1C,2026-09-13,2026-09-20,7,2605,GBP,hold,118,0,2605,2605,2605,1
2026-05-18T17:20:21Z,la-palmyre,LPAC,La Palmyre,2A1C,2026-09-20,2026-09-27,7,,GBP,hold,125,0,,,,
2026-05-18T17:20:21Z,la-palmyre,LPAC,La Palmyre,2A1C,2026-09-27,2026-10-04,7,2363,GBP,hold,132,0,2363,2363,2363,1
2026-05-18T17:20:21Z,la-palmyre,LPAC,La Palmyre,2A2C,2026-06-06,2026-06-13,7,3233,GBP,hold,19,0,3233,3233,3233,1
2026-05-18T17:20:21Z,la-palmyre,LPAC,La Palmyre,2A2C,2026-06-13,2026-06-20,7,3793,GBP,hold,26,0,3793,3793,3793,1
2026-05-18T17:20:21Z,la-palmyre,LPAC,La Palmyre,2A2C,2026-06-20,2026-06-27,7,4290,GBP,hold,33,0,4290,4290,4290,1
2026-05-18T17:20:21Z,la-palmyre,LPAC,La Palmyre,2A2C,2026-06-27,2026-07-04,7,5028,GBP,hold,40,0,5028,5028,5028,1
2026-05-18T17:20:21Z,la-palmyre,LPAC,La Palmyre,2A2C,2026-06-07,2026-06-14,7,3233,GBP,hold,20,0,3233,3233,3233,1
2026-05-18T17:20:21Z,la-palmyre,LPAC,La Palmyre,2A2C,2026-06-14,2026-06-21,7,3793,GBP,hold,27,0,3793,3793,3793,1
2026-05-18T17:20:21Z,la-palmyre,LPAC,La Palmyre,2A2C,2026-06-21,2026-06-28,7,4373,GBP,hold,34,0,4373,4373,4373,1
2026-05-18T17:20:21Z,la-palmyre,LPAC,La Palmyre,2A2C,2026-06-28,2026-07-05,7,5138,GBP,hold,41,0,5138,5138,5138,1
2026-05-18T17:20:21Z,la-palmyre,LPAC,La Palmyre,2A2C,2026-07-04,2026-07-11,7,5720,GBP,hold,47,0,5720,5720,5720,1
2026-05-18T17:20:21Z,la-palmyre,LPAC,La Palmyre,2A2C,2026-07-11,2026-07-18,7,5818,GBP,hold,54,0,5818,5818,5818,1
2026-05-18T17:20:21Z,la-palmyre,LPAC,La Palmyre,2A2C,2026-07-18,2026-07-25,7,5970,GBP,hold,61,0,5970,5970,5970,1
2026-05-18T17:20:21Z,la-palmyre,LPAC,La Palmyre,2A2C,2026-07-25,2026-08-01,7,6404,GBP,hold,68,0,6404,6404,6404,1
2026-05-18T17:20:21Z,la-palmyre,LPAC,La Palmyre,2A2C,2026-07-05,2026-07-12,7,5818,GBP,hold,48,0,5818,5818,5818,1
2026-05-18T17:20:21Z,la-palmyre,LPAC,La Palmyre,2A2C,2026-07-12,2026-07-19,7,5818,GBP,hold,55,0,5818,5818,5818,1
2026-05-18T17:20:21Z,la-palmyre,LPAC,La Palmyre,2A2C,2026-07-19,2026-07-26,7,5997,GBP,hold,62,0,5997,5997,5997,1
2026-05-18T17:20:21Z,la-palmyre,LPAC,La Palmyre,2A2C,2026-07-26,2026-08-02,7,6472,GBP,hold,69,0,6472,6472,6472,1
2026-05-18T17:20:21Z,la-palmyre,LPAC,La Palmyre,2A2C,2026-08-01,2026-08-08,7,6783,GBP,hold,75,0,6783,6783,6783,1
2026-05-18T17:20:21Z,la-palmyre,LPAC,La Palmyre,2A2C,2026-08-08,2026-08-15,7,6834,GBP,hold,82,0,6834,6834,6834,1
2026-05-18T17:20:21Z,la-palmyre,LPAC,La Palmyre,2A2C,2026-08-15,2026-08-22,7,6524,GBP,hold,89,0,6524,6524,6524,1
2026-05-18T17:20:21Z,la-palmyre,LPAC,La Palmyre,2A2C,2026-08-22,2026-08-29,7,5705,GBP,hold,96,0,5705,5705,5705,1
2026-05-18T17:20:21Z,la-palmyre,LPAC,La Palmyre,2A2C,2026-08-29,2026-09-05,7,3885,GBP,hold,103,0,3885,3885,3885,1
2026-05-18T17:20:21Z,la-palmyre,LPAC,La Palmyre,2A2C,2026-08-02,2026-08-09,7,6834,GBP,hold,76,0,6834,6834,6834,1
2026-05-18T17:20:21Z,la-palmyre,LPAC,La Palmyre,2A2C,2026-08-09,2026-08-16,7,6834,GBP,hold,83,0,6834,6834,6834,1
2026-05-18T17:20:21Z,la-palmyre,LPAC,La Palmyre,2A2C,2026-08-16,2026-08-23,7,6472,GBP,hold,90,0,6472,6472,6472,1
2026-05-18T17:20:21Z,la-palmyre,LPAC,La Palmyre,2A2C,2026-08-23,2026-08-30,7,5337,GBP,hold,97,0,5337,5337,5337,1
2026-05-18T17:20:21Z,la-palmyre,LPAC,La Palmyre,2A2C,2026-08-30,2026-09-06,7,3885,GBP,hold,104,0,3885,3885,3885,1
2026-05-18T17:20:21Z,la-palmyre,LPAC,La Palmyre,2A2C,2026-09-05,2026-09-12,7,3747,GBP,hold,110,0,3747,3747,3747,1
2026-05-18T17:20:21Z,la-palmyre,LPAC,La Palmyre,2A2C,2026-09-12,2026-09-19,7,3325,GBP,hold,117,0,3325,3325,3325,1
2026-05-18T17:20:21Z,la-palmyre,LPAC,La Palmyre,2A2C,2026-09-19,2026-09-26,7,,GBP,hold,124,0,,,,
2026-05-18T17:20:21Z,la-palmyre,LPAC,La Palmyre,2A2C,2026-09-26,2026-10-03,7,3002,GBP,hold,131,0,3002,3002,3002,1
2026-05-18T17:20:21Z,la-palmyre,LPAC,La Palmyre,2A2C,2026-09-06,2026-09-13,7,3723,GBP,hold,111,0,3723,3723,3723,1
2026-05-18T17:20:21Z,la-palmyre,LPAC,La Palmyre,2A2C,2026-09-13,2026-09-20,7,3260,GBP,hold,118,0,3260,3260,3260,1
2026-05-18T17:20:21Z,la-palmyre,LPAC,La Palmyre,2A2C,2026-09-20,2026-09-27,7,,GBP,hold,125,0,,,,
2026-05-18T17:20:21Z,la-palmyre,LPAC,La Palmyre,2A2C,2026-09-27,2026-10-04,7,2958,GBP,hold,132,0,2958,2958,2958,1
2026-05-18T17:20:21Z,magna-marbella,MMAC,Magna Marbella,2A,2026-06-06,2026-06-13,7,3040,GBP,hold,19,0,3040,3040,3040,1
2026-05-18T17:20:21Z,magna-marbella,MMAC,Magna Marbella,2A,2026-06-13,2026-06-20,7,3572,GBP,hold,26,0,3572,3572,3572,1
2026-05-18T17:20:21Z,magna-marbella,MMAC,Magna Marbella,2A,2026-06-20,2026-06-27,7,3122,GBP,hold,33,0,3122,3122,3122,1
2026-05-18T17:20:21Z,magna-marbella,MMAC,Magna Marbella,2A,2026-06-27,2026-07-04,7,3308,GBP,hold,40,0,3308,3308,3308,1
2026-05-18T17:20:21Z,magna-marbella,MMAC,Magna Marbella,2A,2026-06-07,2026-06-14,7,3572,GBP,hold,20,0,3572,3572,3572,1
2026-05-18T17:20:21Z,magna-marbella,MMAC,Magna Marbella,2A,2026-06-14,2026-06-21,7,3586,GBP,hold,27,0,3586,3586,3586,1
2026-05-18T17:20:21Z,magna-marbella,MMAC,Magna Marbella,2A,2026-06-21,2026-06-28,7,3148,GBP,hold,34,0,3148,3148,3148,1
2026-05-18T17:20:21Z,magna-marbella,MMAC,Magna Marbella,2A,2026-06-28,2026-07-05,7,3756,GBP,hold,41,0,3756,3756,3756,1
2026-05-18T17:20:21Z,magna-marbella,MMAC,Magna Marbella,2A,2026-07-04,2026-07-11,7,4134,GBP,hold,47,0,4134,4134,4134,1
2026-05-18T17:20:21Z,magna-marbella,MMAC,Magna Marbella,2A,2026-07-11,2026-07-18,7,4134,GBP,hold,54,0,4134,4134,4134,1
2026-05-18T17:20:21Z,magna-marbella,MMAC,Magna Marbella,2A,2026-07-18,2026-07-25,7,4134,GBP,hold,61,0,4134,4134,4134,1
2026-05-18T17:20:21Z,magna-marbella,MMAC,Magna Marbella,2A,2026-07-25,2026-08-01,7,3918,GBP,hold,68,0,3918,3918,3918,1
2026-05-18T17:20:21Z,magna-marbella,MMAC,Magna Marbella,2A,2026-07-05,2026-07-12,7,4134,GBP,hold,48,0,4134,4134,4134,1
2026-05-18T17:20:21Z,magna-marbella,MMAC,Magna Marbella,2A,2026-07-12,2026-07-19,7,4134,GBP,hold,55,0,4134,4134,4134,1
2026-05-18T17:20:21Z,magna-marbella,MMAC,Magna Marbella,2A,2026-07-19,2026-07-26,7,4134,GBP,hold,62,0,4134,4134,4134,1
2026-05-18T17:20:21Z,magna-marbella,MMAC,Magna Marbella,2A,2026-07-26,2026-08-02,7,4170,GBP,hold,69,0,4170,4170,4170,1
2026-05-18T17:20:21Z,magna-marbella,MMAC,Magna Marbella,2A,2026-08-01,2026-08-08,7,4388,GBP,hold,75,0,4388,4388,4388,1
2026-05-18T17:20:21Z,magna-marbella,MMAC,Magna Marbella,2A,2026-08-08,2026-08-15,7,4300,GBP,hold,82,0,4300,4300,4300,1
2026-05-18T17:20:21Z,magna-marbella,MMAC,Magna Marbella,2A,2026-08-15,2026-08-22,7,4134,GBP,hold,89,0,4134,4134,4134,1
2026-05-18T17:20:21Z,magna-marbella,MMAC,Magna Marbella,2A,2026-08-22,2026-08-29,7,3694,GBP,hold,96,0,3694,3694,3694,1
2026-05-18T17:20:21Z,magna-marbella,MMAC,Magna Marbella,2A,2026-08-29,2026-09-05,7,2710,GBP,hold,103,0,2710,2710,2710,1
2026-05-18T17:20:21Z,magna-marbella,MMAC,Magna Marbella,2A,2026-08-02,2026-08-09,7,4378,GBP,hold,76,0,4378,4378,4378,1
2026-05-18T17:20:21Z,magna-marbella,MMAC,Magna Marbella,2A,2026-08-09,2026-08-16,7,4276,GBP,hold,83,0,4276,4276,4276,1
2026-05-18T17:20:21Z,magna-marbella,MMAC,Magna Marbella,2A,2026-08-16,2026-08-23,7,4122,GBP,hold,90,0,4122,4122,4122,1
2026-05-18T17:20:21Z,magna-marbella,MMAC,Magna Marbella,2A,2026-08-23,2026-08-30,7,3546,GBP,hold,97,0,3546,3546,3546,1
2026-05-18T17:20:21Z,magna-marbella,MMAC,Magna Marbella,2A,2026-08-30,2026-09-06,7,2710,GBP,hold,104,0,2710,2710,2710,1
2026-05-18T17:20:21Z,magna-marbella,MMAC,Magna Marbella,2A,2026-09-05,2026-09-12,7,2710,GBP,hold,110,0,2710,2710,2710,1
2026-05-18T17:20:21Z,magna-marbella,MMAC,Magna Marbella,2A,2026-09-12,2026-09-19,7,,GBP,hold,117,0,,,,
2026-05-18T17:20:21Z,magna-marbella,MMAC,Magna Marbella,2A,2026-09-19,2026-09-26,7,,GBP,hold,124,0,,,,
2026-05-18T17:20:21Z,magna-marbella,MMAC,Magna Marbella,2A,2026-09-26,2026-10-03,7,2568,GBP,hold,131,0,2568,2568,2568,1
2026-05-18T17:20:21Z,magna-marbella,MMAC,Magna Marbella,2A,2026-09-06,2026-09-13,7,3136,GBP,hold,111,0,3136,3136,3136,1
2026-05-18T17:20:21Z,magna-marbella,MMAC,Magna Marbella,2A,2026-09-13,2026-09-20,7,,GBP,hold,118,0,,,,
2026-05-18T17:20:21Z,magna-marbella,MMAC,Magna Marbella,2A,2026-09-20,2026-09-27,7,2568,GBP,hold,125,0,2568,2568,2568,1
2026-05-18T17:20:21Z,magna-marbella,MMAC,Magna Marbella,2A,2026-09-27,2026-10-04,7,2568,GBP,hold,132,0,2568,2568,2568,1
2026-05-18T17:20:21Z,magna-marbella,MMAC,Magna Marbella,2A1C,2026-06-06,2026-06-13,7,3055,GBP,hold,19,0,3055,3055,3055,1
2026-05-18T17:20:21Z,magna-marbella,MMAC,Magna Marbella,2A1C,2026-06-13,2026-06-20,7,3587,GBP,hold,26,0,3587,3587,3587,1
2026-05-18T17:20:21Z,magna-marbella,MMAC,Magna Marbella,2A1C,2026-06-20,2026-06-27,7,3137,GBP,hold,33,0,3137,3137,3137,1
2026-05-18T17:20:21Z,magna-marbella,MMAC,Magna Marbella,2A1C,2026-06-27,2026-07-04,7,3323,GBP,hold,40,0,3323,3323,3323,1
2026-05-18T17:20:21Z,magna-marbella,MMAC,Magna Marbella,2A1C,2026-06-07,2026-06-14,7,3587,GBP,hold,20,0,3587,3587,3587,1
2026-05-18T17:20:21Z,magna-marbella,MMAC,Magna Marbella,2A1C,2026-06-14,2026-06-21,7,3601,GBP,hold,27,0,3601,3601,3601,1
2026-05-18T17:20:21Z,magna-marbella,MMAC,Magna Marbella,2A1C,2026-06-21,2026-06-28,7,3163,GBP,hold,34,0,3163,3163,3163,1
2026-05-18T17:20:21Z,magna-marbella,MMAC,Magna Marbella,2A1C,2026-06-28,2026-07-05,7,3771,GBP,hold,41,0,3771,3771,3771,1
2026-05-18T17:20:21Z,magna-marbella,MMAC,Magna Marbella,2A1C,2026-07-04,2026-07-11,7,4149,GBP,hold,47,0,4149,4149,4149,1
2026-05-18T17:20:21Z,magna-marbella,MMAC,Magna Marbella,2A1C,2026-07-11,2026-07-18,7,4149,GBP,hold,54,0,4149,4149,4149,1
2026-05-18T17:20:21Z,magna-marbella,MMAC,Magna Marbella,2A1C,2026-07-18,2026-07-25,7,4149,GBP,hold,61,0,4149,4149,4149,1
2026-05-18T17:20:21Z,magna-marbella,MMAC,Magna Marbella,2A1C,2026-07-25,2026-08-01,7,3933,GBP,hold,68,0,3933,3933,3933,1
2026-05-18T17:20:21Z,magna-marbella,MMAC,Magna Marbella,2A1C,2026-07-05,2026-07-12,7,4149,GBP,hold,48,0,4149,4149,4149,1
2026-05-18T17:20:21Z,magna-marbella,MMAC,Magna Marbella,2A1C,2026-07-12,2026-07-19,7,4149,GBP,hold,55,0,4149,4149,4149,1
2026-05-18T17:20:21Z,magna-marbella,MMAC,Magna Marbella,2A1C,2026-07-19,2026-07-26,7,4149,GBP,hold,62,0,4149,4149,4149,1
2026-05-18T17:20:21Z,magna-marbella,MMAC,Magna Marbella,2A1C,2026-07-26,2026-08-02,7,4185,GBP,hold,69,0,4185,4185,4185,1
2026-05-18T17:20:21Z,magna-marbella,MMAC,Magna Marbella,2A1C,2026-08-01,2026-08-08,7,4403,GBP,hold,75,0,4403,4403,4403,1
2026-05-18T17:20:21Z,magna-marbella,MMAC,Magna Marbella,2A1C,2026-08-08,2026-08-15,7,5663,GBP,hold,82,0,5663,5663,5663,1
2026-05-18T17:20:21Z,magna-marbella,MMAC,Magna Marbella,2A1C,2026-08-15,2026-08-22,7,4149,GBP,hold,89,0,4149,4149,4149,1
2026-05-18T17:20:21Z,magna-marbella,MMAC,Magna Marbella,2A1C,2026-08-22,2026-08-29,7,4913,GBP,hold,96,0,4913,4913,4913,1
2026-05-18T17:20:21Z,magna-marbella,MMAC,Magna Marbella,2A1C,2026-08-29,2026-09-05,7,2725,GBP,hold,103,0,2725,2725,2725,1
2026-05-18T17:20:21Z,magna-marbella,MMAC,Magna Marbella,2A1C,2026-08-02,2026-08-09,7,4393,GBP,hold,76,0,4393,4393,4393,1
2026-05-18T17:20:21Z,magna-marbella,MMAC,Magna Marbella,2A1C,2026-08-09,2026-08-16,7,5632,GBP,hold,83,0,5632,5632,5632,1
2026-05-18T17:20:21Z,magna-marbella,MMAC,Magna Marbella,2A1C,2026-08-16,2026-08-23,7,4137,GBP,hold,90,0,4137,4137,4137,1
2026-05-18T17:20:21Z,magna-marbella,MMAC,Magna Marbella,2A1C,2026-08-23,2026-08-30,7,4621,GBP,hold,97,0,4621,4621,4621,1
2026-05-18T17:20:21Z,magna-marbella,MMAC,Magna Marbella,2A1C,2026-08-30,2026-09-06,7,2725,GBP,hold,104,0,2725,2725,2725,1
2026-05-18T17:20:21Z,magna-marbella,MMAC,Magna Marbella,2A1C,2026-09-05,2026-09-12,7,2725,GBP,hold,110,0,2725,2725,2725,1
2026-05-18T17:20:21Z,magna-marbella,MMAC,Magna Marbella,2A1C,2026-09-12,2026-09-19,7,,GBP,hold,117,0,,,,
2026-05-18T17:20:21Z,magna-marbella,MMAC,Magna Marbella,2A1C,2026-09-19,2026-09-26,7,,GBP,hold,124,0,,,,
2026-05-18T17:20:21Z,magna-marbella,MMAC,Magna Marbella,2A1C,2026-09-26,2026-10-03,7,5988,GBP,hold,131,0,5988,5988,5988,1
2026-05-18T17:20:21Z,magna-marbella,MMAC,Magna Marbella,2A1C,2026-09-06,2026-09-13,7,3151,GBP,hold,111,0,3151,3151,3151,1
2026-05-18T17:20:21Z,magna-marbella,MMAC,Magna Marbella,2A1C,2026-09-13,2026-09-20,7,,GBP,hold,118,0,,,,
2026-05-18T17:20:21Z,magna-marbella,MMAC,Magna Marbella,2A1C,2026-09-20,2026-09-27,7,2963,GBP,hold,125,0,2963,2963,2963,1
2026-05-18T17:20:21Z,magna-marbella,MMAC,Magna Marbella,2A1C,2026-09-27,2026-10-04,7,2583,GBP,hold,132,0,2583,2583,2583,1
2026-05-18T17:20:21Z,magna-marbella,MMAC,Magna Marbella,2A2C,2026-06-06,2026-06-13,7,3993,GBP,hold,19,0,3993,3993,3993,1
2026-05-18T17:20:21Z,magna-marbella,MMAC,Magna Marbella,2A2C,2026-06-13,2026-06-20,7,4688,GBP,hold,26,0,4688,4688,4688,1
2026-05-18T17:20:21Z,magna-marbella,MMAC,Magna Marbella,2A2C,2026-06-20,2026-06-27,7,4100,GBP,hold,33,0,4100,4100,4100,1
2026-05-18T17:20:21Z,magna-marbella,MMAC,Magna Marbella,2A2C,2026-06-27,2026-07-04,7,5097,GBP,hold,40,0,5097,5097,5097,1
2026-05-18T17:20:21Z,magna-marbella,MMAC,Magna Marbella,2A2C,2026-06-07,2026-06-14,7,4688,GBP,hold,20,0,4688,4688,4688,1
2026-05-18T17:20:21Z,magna-marbella,MMAC,Magna Marbella,2A2C,2026-06-14,2026-06-21,7,4705,GBP,hold,27,0,4705,4705,4705,1
2026-05-18T17:20:21Z,magna-marbella,MMAC,Magna Marbella,2A2C,2026-06-21,2026-06-28,7,4133,GBP,hold,34,0,4133,4133,4133,1
2026-05-18T17:20:21Z,magna-marbella,MMAC,Magna Marbella,2A2C,2026-06-28,2026-07-05,7,5657,GBP,hold,41,0,5657,5657,5657,1
2026-05-18T17:20:21Z,magna-marbella,MMAC,Magna Marbella,2A2C,2026-07-04,2026-07-11,7,5702,GBP,hold,47,0,5702,5702,5702,1
2026-05-18T17:20:21Z,magna-marbella,MMAC,Magna Marbella,2A2C,2026-07-11,2026-07-18,7,5420,GBP,hold,54,0,5420,5420,5420,1
2026-05-18T17:20:21Z,magna-marbella,MMAC,Magna Marbella,2A2C,2026-07-18,2026-07-25,7,5420,GBP,hold,61,0,5420,5420,5420,1
2026-05-18T17:20:21Z,magna-marbella,MMAC,Magna Marbella,2A2C,2026-07-25,2026-08-01,7,5544,GBP,hold,68,0,5544,5544,5544,1
2026-05-18T17:20:21Z,magna-marbella,MMAC,Magna Marbella,2A2C,2026-07-05,2026-07-12,7,5702,GBP,hold,48,0,5702,5702,5702,1
2026-05-18T17:20:21Z,magna-marbella,MMAC,Magna Marbella,2A2C,2026-07-12,2026-07-19,7,5420,GBP,hold,55,0,5420,5420,5420,1
2026-05-18T17:20:21Z,magna-marbella,MMAC,Magna Marbella,2A2C,2026-07-19,2026-07-26,7,5481,GBP,hold,62,0,5481,5481,5481,1
2026-05-18T17:20:21Z,magna-marbella,MMAC,Magna Marbella,2A2C,2026-07-26,2026-08-02,7,5900,GBP,hold,69,0,5900,5900,5900,1
2026-05-18T17:20:21Z,magna-marbella,MMAC,Magna Marbella,2A2C,2026-08-01,2026-08-08,7,6208,GBP,hold,75,0,6208,6208,6208,1
2026-05-18T17:20:21Z,magna-marbella,MMAC,Magna Marbella,2A2C,2026-08-08,2026-08-15,7,6084,GBP,hold,82,0,6084,6084,6084,1
2026-05-18T17:20:21Z,magna-marbella,MMAC,Magna Marbella,2A2C,2026-08-15,2026-08-22,7,5849,GBP,hold,89,0,5849,5849,5849,1
2026-05-18T17:20:21Z,magna-marbella,MMAC,Magna Marbella,2A2C,2026-08-22,2026-08-29,7,5323,GBP,hold,96,0,5323,5323,5323,1
2026-05-18T17:20:21Z,magna-marbella,MMAC,Magna Marbella,2A2C,2026-08-29,2026-09-05,7,3562,GBP,hold,103,0,3562,3562,3562,1
2026-05-18T17:20:21Z,magna-marbella,MMAC,Magna Marbella,2A2C,2026-08-02,2026-08-09,7,6191,GBP,hold,76,0,6191,6191,6191,1
2026-05-18T17:20:21Z,magna-marbella,MMAC,Magna Marbella,2A2C,2026-08-09,2026-08-16,7,6049,GBP,hold,83,0,6049,6049,6049,1
2026-05-18T17:20:21Z,magna-marbella,MMAC,Magna Marbella,2A2C,2026-08-16,2026-08-23,7,5773,GBP,hold,90,0,5773,5773,5773,1
2026-05-18T17:20:21Z,magna-marbella,MMAC,Magna Marbella,2A2C,2026-08-23,2026-08-30,7,5112,GBP,hold,97,0,5112,5112,5112,1
2026-05-18T17:20:21Z,magna-marbella,MMAC,Magna Marbella,2A2C,2026-08-30,2026-09-06,7,3562,GBP,hold,104,0,3562,3562,3562,1
2026-05-18T17:20:21Z,magna-marbella,MMAC,Magna Marbella,2A2C,2026-09-05,2026-09-12,7,3562,GBP,hold,110,0,3562,3562,3562,1
2026-05-18T17:20:21Z,magna-marbella,MMAC,Magna Marbella,2A2C,2026-09-12,2026-09-19,7,,GBP,hold,117,0,,,,
2026-05-18T17:20:21Z,magna-marbella,MMAC,Magna Marbella,2A2C,2026-09-19,2026-09-26,7,,GBP,hold,124,0,,,,
2026-05-18T17:20:21Z,magna-marbella,MMAC,Magna Marbella,2A2C,2026-09-26,2026-10-03,7,3375,GBP,hold,131,0,3375,3375,3375,1
2026-05-18T17:20:21Z,magna-marbella,MMAC,Magna Marbella,2A2C,2026-09-06,2026-09-13,7,4117,GBP,hold,111,0,4117,4117,4117,1
2026-05-18T17:20:21Z,magna-marbella,MMAC,Magna Marbella,2A2C,2026-09-13,2026-09-20,7,,GBP,hold,118,0,,,,
2026-05-18T17:20:21Z,magna-marbella,MMAC,Magna Marbella,2A2C,2026-09-20,2026-09-27,7,3375,GBP,hold,125,0,3375,3375,3375,1
2026-05-18T17:20:21Z,magna-marbella,MMAC,Magna Marbella,2A2C,2026-09-27,2026-10-04,7,3375,GBP,hold,132,0,3375,3375,3375,1
2026-05-18T17:20:21Z,la-palmyre-atlantique,LAPC,La Palmyre Atlantique,2A,2026-06-06,2026-06-13,7,2116,GBP,hold,19,0,2116,2116,2116,1
2026-05-18T17:20:21Z,la-palmyre-atlantique,LAPC,La Palmyre Atlantique,2A,2026-06-13,2026-06-20,7,,GBP,hold,26,0,,,,
2026-05-18T17:20:21Z,la-palmyre-atlantique,LAPC,La Palmyre Atlantique,2A,2026-06-20,2026-06-27,7,2096,GBP,hold,33,0,2096,2096,2096,1
2026-05-18T17:20:21Z,la-palmyre-atlantique,LAPC,La Palmyre Atlantique,2A,2026-06-27,2026-07-04,7,1974,GBP,hold,40,0,1974,1974,1974,1
2026-05-18T17:20:21Z,la-palmyre-atlantique,LAPC,La Palmyre Atlantique,2A,2026-06-07,2026-06-14,7,,GBP,hold,20,0,,,,
2026-05-18T17:20:21Z,la-palmyre-atlantique,LAPC,La Palmyre Atlantique,2A,2026-06-14,2026-06-21,7,1950,GBP,hold,27,0,1950,1950,1950,1
2026-05-18T17:20:21Z,la-palmyre-atlantique,LAPC,La Palmyre Atlantique,2A,2026-06-21,2026-06-28,7,2120,GBP,hold,34,0,2120,2120,2120,1
2026-05-18T17:20:21Z,la-palmyre-atlantique,LAPC,La Palmyre Atlantique,2A,2026-06-28,2026-07-05,7,1996,GBP,hold,41,0,1996,1996,1996,1
2026-05-18T17:20:21Z,la-palmyre-atlantique,LAPC,La Palmyre Atlantique,2A,2026-07-04,2026-07-11,7,2702,GBP,hold,47,0,2702,2702,2702,1
2026-05-18T17:20:21Z,la-palmyre-atlantique,LAPC,La Palmyre Atlantique,2A,2026-07-11,2026-07-18,7,2652,GBP,hold,54,0,2652,2652,2652,1
2026-05-18T17:20:21Z,la-palmyre-atlantique,LAPC,La Palmyre Atlantique,2A,2026-07-18,2026-07-25,7,2652,GBP,hold,61,0,2652,2652,2652,1
2026-05-18T17:20:21Z,la-palmyre-atlantique,LAPC,La Palmyre Atlantique,2A,2026-07-25,2026-08-01,7,2772,GBP,hold,68,0,2772,2772,2772,1
2026-05-18T17:20:21Z,la-palmyre-atlantique,LAPC,La Palmyre Atlantique,2A,2026-07-05,2026-07-12,7,2772,GBP,hold,48,0,2772,2772,2772,1
2026-05-18T17:20:21Z,la-palmyre-atlantique,LAPC,La Palmyre Atlantique,2A,2026-07-12,2026-07-19,7,2652,GBP,hold,55,0,2652,2652,2652,1
2026-05-18T17:20:21Z,la-palmyre-atlantique,LAPC,La Palmyre Atlantique,2A,2026-07-19,2026-07-26,7,2652,GBP,hold,62,0,2652,2652,2652,1
2026-05-18T17:20:21Z,la-palmyre-atlantique,LAPC,La Palmyre Atlantique,2A,2026-07-26,2026-08-02,7,2772,GBP,hold,69,0,2772,2772,2772,1
2026-05-18T17:20:21Z,la-palmyre-atlantique,LAPC,La Palmyre Atlantique,2A,2026-08-01,2026-08-08,7,2418,GBP,hold,75,0,2418,2418,2418,1
2026-05-18T17:20:21Z,la-palmyre-atlantique,LAPC,La Palmyre Atlantique,2A,2026-08-08,2026-08-15,7,,GBP,hold,82,0,,,,
2026-05-18T17:20:21Z,la-palmyre-atlantique,LAPC,La Palmyre Atlantique,2A,2026-08-15,2026-08-22,7,2210,GBP,hold,89,0,2210,2210,2210,1
2026-05-18T17:20:21Z,la-palmyre-atlantique,LAPC,La Palmyre Atlantique,2A,2026-08-22,2026-08-29,7,2184,GBP,hold,96,0,2184,2184,2184,1
2026-05-18T17:20:21Z,la-palmyre-atlantique,LAPC,La Palmyre Atlantique,2A,2026-08-29,2026-09-05,7,,GBP,hold,103,0,,,,
2026-05-18T17:20:21Z,la-palmyre-atlantique,LAPC,La Palmyre Atlantique,2A,2026-08-02,2026-08-09,7,2360,GBP,hold,76,0,2360,2360,2360,1
2026-05-18T17:20:21Z,la-palmyre-atlantique,LAPC,La Palmyre Atlantique,2A,2026-08-09,2026-08-16,7,,GBP,hold,83,0,,,,
2026-05-18T17:20:21Z,la-palmyre-atlantique,LAPC,La Palmyre Atlantique,2A,2026-08-16,2026-08-23,7,2090,GBP,hold,90,0,2090,2090,2090,1
2026-05-18T17:20:21Z,la-palmyre-atlantique,LAPC,La Palmyre Atlantique,2A,2026-08-23,2026-08-30,7,2184,GBP,hold,97,0,2184,2184,2184,1
2026-05-18T17:20:21Z,la-palmyre-atlantique,LAPC,La Palmyre Atlantique,2A,2026-08-30,2026-09-06,7,,GBP,hold,104,0,,,,
2026-05-18T17:20:21Z,la-palmyre-atlantique,LAPC,La Palmyre Atlantique,2A,2026-09-05,2026-09-12,7,,GBP,hold,110,0,,,,
2026-05-18T17:20:21Z,la-palmyre-atlantique,LAPC,La Palmyre Atlantique,2A,2026-09-12,2026-09-19,7,,GBP,hold,117,0,,,,
2026-05-18T17:20:21Z,la-palmyre-atlantique,LAPC,La Palmyre Atlantique,2A,2026-09-19,2026-09-26,7,,GBP,hold,124,0,,,,
2026-05-18T17:20:21Z,la-palmyre-atlantique,LAPC,La Palmyre Atlantique,2A,2026-09-26,2026-10-03,7,,GBP,hold,131,0,,,,
2026-05-18T17:20:21Z,la-palmyre-atlantique,LAPC,La Palmyre Atlantique,2A,2026-09-06,2026-09-13,7,,GBP,hold,111,0,,,,
2026-05-18T17:20:21Z,la-palmyre-atlantique,LAPC,La Palmyre Atlantique,2A,2026-09-13,2026-09-20,7,,GBP,hold,118,0,,,,
2026-05-18T17:20:21Z,la-palmyre-atlantique,LAPC,La Palmyre Atlantique,2A,2026-09-20,2026-09-27,7,,GBP,hold,125,0,,,,
2026-05-18T17:20:21Z,la-palmyre-atlantique,LAPC,La Palmyre Atlantique,2A,2026-09-27,2026-10-04,7,2184,GBP,hold,132,0,2184,2184,2184,1
2026-05-18T17:20:21Z,la-palmyre-atlantique,LAPC,La Palmyre Atlantique,2A1C,2026-06-06,2026-06-13,7,1715,GBP,hold,19,0,1715,1715,1715,1
2026-05-18T17:20:21Z,la-palmyre-atlantique,LAPC,La Palmyre Atlantique,2A1C,2026-06-13,2026-06-20,7,,GBP,hold,26,0,,,,
2026-05-18T17:20:21Z,la-palmyre-atlantique,LAPC,La Palmyre Atlantique,2A1C,2026-06-20,2026-06-27,7,2021,GBP,hold,33,0,2021,2021,2021,1
2026-05-18T17:20:21Z,la-palmyre-atlantique,LAPC,La Palmyre Atlantique,2A1C,2026-06-27,2026-07-04,7,1989,GBP,hold,40,0,1989,1989,1989,1
2026-05-18T17:20:21Z,la-palmyre-atlantique,LAPC,La Palmyre Atlantique,2A1C,2026-06-07,2026-06-14,7,1715,GBP,hold,20,0,1715,1715,1715,1
2026-05-18T17:20:21Z,la-palmyre-atlantique,LAPC,La Palmyre Atlantique,2A1C,2026-06-14,2026-06-21,7,1965,GBP,hold,27,0,1965,1965,1965,1
2026-05-18T17:20:21Z,la-palmyre-atlantique,LAPC,La Palmyre Atlantique,2A1C,2026-06-21,2026-06-28,7,1863,GBP,hold,34,0,1863,1863,1863,1
2026-05-18T17:20:21Z,la-palmyre-atlantique,LAPC,La Palmyre Atlantique,2A1C,2026-06-28,2026-07-05,7,2011,GBP,hold,41,0,2011,2011,2011,1
2026-05-18T17:20:21Z,la-palmyre-atlantique,LAPC,La Palmyre Atlantique,2A1C,2026-07-04,2026-07-11,7,2601,GBP,hold,47,0,2601,2601,2601,1
2026-05-18T17:20:21Z,la-palmyre-atlantique,LAPC,La Palmyre Atlantique,2A1C,2026-07-11,2026-07-18,7,2667,GBP,hold,54,0,2667,2667,2667,1
2026-05-18T17:20:21Z,la-palmyre-atlantique,LAPC,La Palmyre Atlantique,2A1C,2026-07-18,2026-07-25,7,2429,GBP,hold,61,0,2429,2429,2429,1
2026-05-18T17:20:21Z,la-palmyre-atlantique,LAPC,La Palmyre Atlantique,2A1C,2026-07-25,2026-08-01,7,2667,GBP,hold,68,0,2667,2667,2667,1
2026-05-18T17:20:21Z,la-palmyre-atlantique,LAPC,La Palmyre Atlantique,2A1C,2026-07-05,2026-07-12,7,2667,GBP,hold,48,0,2667,2667,2667,1
2026-05-18T17:20:21Z,la-palmyre-atlantique,LAPC,La Palmyre Atlantique,2A1C,2026-07-12,2026-07-19,7,2667,GBP,hold,55,0,2667,2667,2667,1
2026-05-18T17:20:21Z,la-palmyre-atlantique,LAPC,La Palmyre Atlantique,2A1C,2026-07-19,2026-07-26,7,2429,GBP,hold,62,0,2429,2429,2429,1
2026-05-18T17:20:21Z,la-palmyre-atlantique,LAPC,La Palmyre Atlantique,2A1C,2026-07-26,2026-08-02,7,2667,GBP,hold,69,0,2667,2667,2667,1
2026-05-18T17:20:21Z,la-palmyre-atlantique,LAPC,La Palmyre Atlantique,2A1C,2026-08-01,2026-08-08,7,2329,GBP,hold,75,0,2329,2329,2329,1
2026-05-18T17:20:21Z,la-palmyre-atlantique,LAPC,La Palmyre Atlantique,2A1C,2026-08-08,2026-08-15,7,,GBP,hold,82,0,,,,
2026-05-18T17:20:21Z,la-palmyre-atlantique,LAPC,La Palmyre Atlantique,2A1C,2026-08-15,2026-08-22,7,2129,GBP,hold,89,0,2129,2129,2129,1
2026-05-18T17:20:21Z,la-palmyre-atlantique,LAPC,La Palmyre Atlantique,2A1C,2026-08-22,2026-08-29,7,2105,GBP,hold,96,0,2105,2105,2105,1
2026-05-18T17:20:21Z,la-palmyre-atlantique,LAPC,La Palmyre Atlantique,2A1C,2026-08-29,2026-09-05,7,,GBP,hold,103,0,,,,
2026-05-18T17:20:21Z,la-palmyre-atlantique,LAPC,La Palmyre Atlantique,2A1C,2026-08-02,2026-08-09,7,2071,GBP,hold,76,0,2071,2071,2071,1
2026-05-18T17:20:21Z,la-palmyre-atlantique,LAPC,La Palmyre Atlantique,2A1C,2026-08-09,2026-08-16,7,,GBP,hold,83,0,,,,
2026-05-18T17:20:21Z,la-palmyre-atlantique,LAPC,La Palmyre Atlantique,2A1C,2026-08-16,2026-08-23,7,2105,GBP,hold,90,0,2105,2105,2105,1
2026-05-18T17:20:21Z,la-palmyre-atlantique,LAPC,La Palmyre Atlantique,2A1C,2026-08-23,2026-08-30,7,2105,GBP,hold,97,0,2105,2105,2105,1
2026-05-18T17:20:21Z,la-palmyre-atlantique,LAPC,La Palmyre Atlantique,2A1C,2026-08-30,2026-09-06,7,,GBP,hold,104,0,,,,
2026-05-18T17:20:21Z,la-palmyre-atlantique,LAPC,La Palmyre Atlantique,2A1C,2026-09-05,2026-09-12,7,,GBP,hold,110,0,,,,
2026-05-18T17:20:21Z,la-palmyre-atlantique,LAPC,La Palmyre Atlantique,2A1C,2026-09-12,2026-09-19,7,,GBP,hold,117,0,,,,
2026-05-18T17:20:21Z,la-palmyre-atlantique,LAPC,La Palmyre Atlantique,2A1C,2026-09-19,2026-09-26,7,,GBP,hold,124,0,,,,
2026-05-18T17:20:21Z,la-palmyre-atlantique,LAPC,La Palmyre Atlantique,2A1C,2026-09-26,2026-10-03,7,,GBP,hold,131,0,,,,
2026-05-18T17:20:21Z,la-palmyre-atlantique,LAPC,La Palmyre Atlantique,2A1C,2026-09-06,2026-09-13,7,,GBP,hold,111,0,,,,
2026-05-18T17:20:21Z,la-palmyre-atlantique,LAPC,La Palmyre Atlantique,2A1C,2026-09-13,2026-09-20,7,,GBP,hold,118,0,,,,
2026-05-18T17:20:21Z,la-palmyre-atlantique,LAPC,La Palmyre Atlantique,2A1C,2026-09-20,2026-09-27,7,,GBP,hold,125,0,,,,
2026-05-18T17:20:21Z,la-palmyre-atlantique,LAPC,La Palmyre Atlantique,2A1C,2026-09-27,2026-10-04,7,2105,GBP,hold,132,0,2105,2105,2105,1
2026-05-18T17:20:21Z,la-palmyre-atlantique,LAPC,La Palmyre Atlantique,2A2C,2026-06-06,2026-06-13,7,2147,GBP,hold,19,0,2147,2147,2147,1
2026-05-18T17:20:21Z,la-palmyre-atlantique,LAPC,La Palmyre Atlantique,2A2C,2026-06-13,2026-06-20,7,,GBP,hold,26,0,,,,
2026-05-18T17:20:21Z,la-palmyre-atlantique,LAPC,La Palmyre Atlantique,2A2C,2026-06-20,2026-06-27,7,2407,GBP,hold,33,0,2407,2407,2407,1
2026-05-18T17:20:21Z,la-palmyre-atlantique,LAPC,La Palmyre Atlantique,2A2C,2026-06-27,2026-07-04,7,2490,GBP,hold,40,0,2490,2490,2490,1
2026-05-18T17:20:21Z,la-palmyre-atlantique,LAPC,La Palmyre Atlantique,2A2C,2026-06-07,2026-06-14,7,2147,GBP,hold,20,0,2147,2147,2147,1
2026-05-18T17:20:21Z,la-palmyre-atlantique,LAPC,La Palmyre Atlantique,2A2C,2026-06-14,2026-06-21,7,2460,GBP,hold,27,0,2460,2460,2460,1
2026-05-18T17:20:21Z,la-palmyre-atlantique,LAPC,La Palmyre Atlantique,2A2C,2026-06-21,2026-06-28,7,2332,GBP,hold,34,0,2332,2332,2332,1
2026-05-18T17:20:21Z,la-palmyre-atlantique,LAPC,La Palmyre Atlantique,2A2C,2026-06-28,2026-07-05,7,2518,GBP,hold,41,0,2518,2518,2518,1
2026-05-18T17:20:21Z,la-palmyre-atlantique,LAPC,La Palmyre Atlantique,2A2C,2026-07-04,2026-07-11,7,3095,GBP,hold,47,0,3095,3095,3095,1
2026-05-18T17:20:21Z,la-palmyre-atlantique,LAPC,La Palmyre Atlantique,2A2C,2026-07-11,2026-07-18,7,3173,GBP,hold,54,0,3173,3173,3173,1
2026-05-18T17:20:21Z,la-palmyre-atlantique,LAPC,La Palmyre Atlantique,2A2C,2026-07-18,2026-07-25,7,3040,GBP,hold,61,0,3040,3040,3040,1
2026-05-18T17:20:21Z,la-palmyre-atlantique,LAPC,La Palmyre Atlantique,2A2C,2026-07-25,2026-08-01,7,3562,GBP,hold,68,0,3562,3562,3562,1
2026-05-18T17:20:21Z,la-palmyre-atlantique,LAPC,La Palmyre Atlantique,2A2C,2026-07-05,2026-07-12,7,3173,GBP,hold,48,0,3173,3173,3173,1
2026-05-18T17:20:21Z,la-palmyre-atlantique,LAPC,La Palmyre Atlantique,2A2C,2026-07-12,2026-07-19,7,3173,GBP,hold,55,0,3173,3173,3173,1
2026-05-18T17:20:21Z,la-palmyre-atlantique,LAPC,La Palmyre Atlantique,2A2C,2026-07-19,2026-07-26,7,3040,GBP,hold,62,0,3040,3040,3040,1
2026-05-18T17:20:21Z,la-palmyre-atlantique,LAPC,La Palmyre Atlantique,2A2C,2026-07-26,2026-08-02,7,3600,GBP,hold,69,0,3600,3600,3600,1
2026-05-18T17:20:21Z,la-palmyre-atlantique,LAPC,La Palmyre Atlantique,2A2C,2026-08-01,2026-08-08,7,2989,GBP,hold,75,0,2989,2989,2989,1
2026-05-18T17:20:21Z,la-palmyre-atlantique,LAPC,La Palmyre Atlantique,2A2C,2026-08-08,2026-08-15,7,,GBP,hold,82,0,,,,
2026-05-18T17:20:21Z,la-palmyre-atlantique,LAPC,La Palmyre Atlantique,2A2C,2026-08-15,2026-08-22,7,2733,GBP,hold,89,0,2733,2733,2733,1
2026-05-18T17:20:21Z,la-palmyre-atlantique,LAPC,La Palmyre Atlantique,2A2C,2026-08-22,2026-08-29,7,2665,GBP,hold,96,0,2665,2665,2665,1
2026-05-18T17:20:21Z,la-palmyre-atlantique,LAPC,La Palmyre Atlantique,2A2C,2026-08-29,2026-09-05,7,,GBP,hold,103,0,,,,
2026-05-18T17:20:21Z,la-palmyre-atlantique,LAPC,La Palmyre Atlantique,2A2C,2026-08-02,2026-08-09,7,2795,GBP,hold,76,0,2795,2795,2795,1
2026-05-18T17:20:21Z,la-palmyre-atlantique,LAPC,La Palmyre Atlantique,2A2C,2026-08-09,2026-08-16,7,,GBP,hold,83,0,,,,
2026-05-18T17:20:21Z,la-palmyre-atlantique,LAPC,La Palmyre Atlantique,2A2C,2026-08-16,2026-08-23,7,2703,GBP,hold,90,0,2703,2703,2703,1
2026-05-18T17:20:21Z,la-palmyre-atlantique,LAPC,La Palmyre Atlantique,2A2C,2026-08-23,2026-08-30,7,2635,GBP,hold,97,0,2635,2635,2635,1
2026-05-18T17:20:21Z,la-palmyre-atlantique,LAPC,La Palmyre Atlantique,2A2C,2026-08-30,2026-09-06,7,,GBP,hold,104,0,,,,
2026-05-18T17:20:21Z,la-palmyre-atlantique,LAPC,La Palmyre Atlantique,2A2C,2026-09-05,2026-09-12,7,,GBP,hold,110,0,,,,
2026-05-18T17:20:21Z,la-palmyre-atlantique,LAPC,La Palmyre Atlantique,2A2C,2026-09-12,2026-09-19,7,,GBP,hold,117,0,,,,
2026-05-18T17:20:21Z,la-palmyre-atlantique,LAPC,La Palmyre Atlantique,2A2C,2026-09-19,2026-09-26,7,,GBP,hold,124,0,,,,
2026-05-18T17:20:21Z,la-palmyre-atlantique,LAPC,La Palmyre Atlantique,2A2C,2026-09-26,2026-10-03,7,2752,GBP,hold,131,0,2752,2752,2752,1
2026-05-18T17:20:21Z,la-palmyre-atlantique,LAPC,La Palmyre Atlantique,2A2C,2026-09-06,2026-09-13,7,,GBP,hold,111,0,,,,
2026-05-18T17:20:21Z,la-palmyre-atlantique,LAPC,La Palmyre Atlantique,2A2C,2026-09-13,2026-09-20,7,,GBP,hold,118,0,,,,
2026-05-18T17:20:21Z,la-palmyre-atlantique,LAPC,La Palmyre Atlantique,2A2C,2026-09-20,2026-09-27,7,,GBP,hold,125,0,,,,
2026-05-18T17:20:21Z,la-palmyre-atlantique,LAPC,La Palmyre Atlantique,2A2C,2026-09-27,2026-10-04,7,2507,GBP,hold,132,0,2507,2507,2507,1
